month;year;e;hr;evap;inso;n_cub;n_des;n_fog;n_gra;n_llu;n_nie;n_nub;n_tor;nt_00;nt_30;nw_55;nw_91;p_max;p_mes;p_sol;q_mar;q_max;q_med;q_min;w_med;w_rec;np_001;np_010;np_100;np_300;ta_max;ta_min;ti_max;tm_max;tm_mes;tm_min;ts_min;nv_0050;nv_0100;nv_1000;w_racha;indicativo;
1;2000;71;65;735;6,5;4;9;1;0;5;0;18;0;3;0;4;0;22,6(15);35,8;67;1024,3;1027,6(11);1018,2;1005,7(14);9;222;3;2;2;0;21,7(30);-1,1(13);8,8;13,2;8,1;2,9;6,8;0;0;0;30/20,0(22);9981A;
2;2000;90;58;1223;7,4;3;4;4;0;2;0;22;0;0;0;12;3;0,3(01);0,3;69;1025,4;1030,2(04);1019,3;1005,3(17);10;252;1;0;0;0;23,4(18);1,2(13);15,6;19,9;13,6;7,2;14,6;0;0;2;31/33,6(17);9981A;
3;2000;92;56;1356;7;5;3;3;0;6;0;23;2;0;0;3;1;36,5(23);57;58;1019,5;1024,8(08);1013,5;999,9(28);10;224;5;5;2;1;28,2(10);2,5(03);12,5;21;14,8;8,5;11,9;0;0;1;32/26,9(01);9981A;
4;2000;109;59;1254;7,4;8;0;2;1;16;0;22;5;0;0;5;0;42,0(09);75,7;55;1008,5;1016,6(07);1002,6;985,1(03);11;237;13;10;2;1;28,5(21);4,5(07);14,1;21,7;16,1;10,5;15,3;0;0;0;30/20,0(17);9981A;
5;2000;165;65;1223;7,6;9;0;3;0;11;0;22;8;0;4;1;0;35,3(10);42,9;52;1015,1;1015,9(31);1009,3;1002,2(05);9;185;7;4;1;1;33,5(29);10,3(11);21,9;26,9;20,8;14,7;18,2;0;0;2;30/16,4(27);9981A;
6;2000;183;58;1761;10,4;1;6;0;0;5;0;23;3;0;15;5;0;20,6(09);36,5;69;1017,9;1018,4(14);1012,2;999,7(10);13;260;5;3;2;0;38,0(16);12,2(10);17,6;30,2;24;17,7;20,8;0;0;0;31/21,9(10);9981A;
7;2000;188;54;2198;10,4;4;7;0;0;2;0;20;3;0;24;4;0;3,6(17);4,3;70;1013,6;1015,5(31);1007,9;996,9(10);13;282;2;1;0;0;37,4(07);16,2(13);22,2;31,6;26;20,3;23;0;0;0;31/23,1(11);9981A;
8;2000;205;57;1976;9,8;1;9;0;0;8;0;21;4;0;31;1;0;10,4(30);13,4;72;1015,9;1017,9(07);1010,2;1001,9(26);11;245;5;2;1;0;35,5(21);16,7(08);30,2;33;26,9;20,7;23,6;0;0;0;30/16,4(04);9981A;
9;2000;181;60;1558;9,1;3;4;1;0;8;0;23;7;0;19;1;0;20,3(17);23,1;73;1014,3;1016,1(25);1008,6;992,1(19);9;203;5;2;1;0;34,4(15);12,6(22);24,3;30,3;24;17,6;21,3;0;0;1;32/15,3(19);9981A;
10;2000;135;64;1279;6,1;10;1;3;0;9;0;20;3;0;1;12;0;72,2(22);191,1;55;1015,5;1020,0(17);1009,6;988,1(11);10;238;7;6;5;3;30,5(03);9,3(17);18;23,6;18,7;13,7;18,1;0;0;2;32/21,1(02);9981A;
11;2000;98;64;947;5,3;7;1;4;0;11;0;22;1;0;0;7;0;8,0(29);27,4;53;1013,3;1019,6(10);1007,3;987,9(06);8;213;7;6;0;0;23,1(27);4,8(10);12,2;17,6;13,4;9,1;13,1;0;0;2;29/22,2(26);9981A;
12;2000;101;72;653;4,2;8;0;5;0;11;0;23;1;0;0;8;2;38,9(21);70,2;45;1014,1;1025,2(11);1008;983,9(27);8;199;11;7;2;1;20,5(13);2,7(17);12,4;16,5;11,7;6,9;11,2;0;0;2;29/37,5(30);9981A;
1;2001;91;69;771;4,8;9;0;1;0;12;0;22;1;0;0;8;0;3,6(12);16,6;49;1014,3;1019,9(20);1008,2;989,1(28);9;223;9;5;0;0;19,5(04);2,1(09);11,5;15,4;11,1;6,8;10,4;0;0;0;31/23,1(30);9981A;
2;2001;82;60;954;7,2;5;3;1;0;5;0;20;0;0;0;9;0;7,9(14);11,2;68;1019;1030,8(11);1012,9;990,1(28);9;244;3;3;0;0;22,5(23);1,7(27);11,8;17,4;11,8;6,2;10,5;0;0;1;32/21,1(08);9981A;
3;2001;110;57;1317;6,7;12;1;1;0;10;0;18;2;0;1;5;0;15,0(07);17,9;56;1010,3;1016,3(31);1004,4;982,7(02);9;209;7;2;1;0;32,5(23);5,5(15);16,3;23,2;17;10,8;14,4;0;0;1;31/20,3(30);9981A;
4;2001;95;47;1886;9,5;7;0;1;0;2;0;23;1;0;0;9;2;37,1(29);48,6;71;1015,5;1019,2(09);1009,6;996,5(30);14;324;2;2;2;1;28,9(24);7,5(21);16,8;23,4;17,3;11,1;15,6;0;0;1;30/28,1(08);9981A;61148
5;2001;137;57;1515;9,5;9;3;1;1;9;0;19;4;0;7;2;0;26,2(10);55,3;65;1014,7;1018,4(28);1008,8;998,5(04);10;210;6;4;2;0;35,4(31);5,8(02);13,4;26,2;19,7;13,1;16,5;0;0;1;29/16,1(05);9981A;66942
6;2001;171;51;2078;12;0;11;0;0;4;0;19;1;0;24;2;0;2,0(09);2,3;80;1016;1017,0(18);1010,2;1001,5(09);12;247;2;1;0;0;35,5(25);13,9(19);26,1;31,3;24,7;18;20,8;0;0;0;31/18,6(18);9981A;78006
7;2001;202;60;1718;10,4;2;8;0;0;12;0;21;10;0;24;1;0;42,6(18);90,9;70;1014,6;1016,5(01);1008,9;998,7(04);10;215;8;6;3;2;36,7(31);13,4(21);22,4;31,3;25,2;19,1;22,7;0;0;0;32/17,8(19);9981A;70793
8;2001;218;59;1929;9,5;3;2;0;0;7;0;26;5;0;30;0;0;0,8(16);1,5;69;1015,4;1017,1(11);1009,7;1002,7(29);10;219;3;0;0;0;36,5(29);18,7(17);28,6;33,6;27,7;21,7;24,9;0;0;0;29/11,9(31);9981A;62079
9;2001;159;58;1611;8,1;3;2;3;0;9;0;25;3;0;11;2;0;34,0(22);51,7;64;1014,8;1015,9(26);1009;995,7(23);11;234;9;5;1;1;33,0(08);11,6(26);22,4;28,5;22,8;17;20;0;0;3;29/16,4(17);9981A;48307
10;2001;173;74;810;6;11;4;8;0;10;0;16;3;0;0;0;0;20,4(17);30,7;54;1018,4;1022,7(24);1012,6;997,9(20);6;144;8;4;1;0;29,6(01);10,3(25);20,3;25,9;20,3;14,7;18,9;0;0;6;29/10,6(23);9981A;32444
11;2001;87;61;1083;5,9;8;3;0;0;12;0;19;3;0;0;9;0;30,6(15);62,2;60;1019,4;1024,3(21);1013,4;999,9(11);13;306;7;5;3;1;22,5(01);3,3(15);8,2;16,6;12,3;8,1;14,7;0;0;0;29/23,6(13);9981A;24083
12;2001;74;68;651;5,9;7;10;3;0;9;1;14;0;11;0;2;0;18,8(18);24,7;63;1021,6;1024,7(10);1015,4;1004,9(23);9;220;8;3;1;0;20,1(01);-2,3(25);1,4;12,9;7,8;2,7;10,2;0;0;1;32/17,2(27);9981A;
1;2002;92;74;563;5,2;8;1;7;0;12;0;22;0;0;0;3;0;19,6(03);39,2;53;1026,2;1028,8(10);1020;1004,5(23);7;173;10;4;2;0;23,4(27);1,3(19);9,7;15;10,5;5,9;12,5;0;0;1;32/20,3(15);9981A;
2;2002;85;58;1121;7,8;2;4;2;0;1;0;22;0;0;0;11;2;5,4(05);5,5;73;1021;1024,8(19);1014,9;1003,1(06);12;286;2;1;0;0;25,0(27);2,3(02);12;18,9;13,1;7,2;13;0;0;2;30/35,6(06);9981A;
3;2002;111;68;949;5,3;16;2;2;0;13;0;13;2;0;0;1;0;13,7(16);44;44;1016,5;1020,4(21);1010,6;996,1(05);9;196;11;9;1;0;29,7(20);5,3(04);10,5;19,8;14,4;9,1;14,9;0;0;2;31/15,8(06);9981A;
4;2002;115;62;1183;7,7;;;4;1;9;0;;0;0;2;4;1;20,3(11);74,1;58;1012,5;1023,4(22);1006,5;984,5(11);10;223;8;8;2;0;31,6(25);4,9(17);12,6;22,2;16,1;9,9;14,7;0;0;3;31/25,6(03);9981A;
5;2002;132;60;1486;8,4;11;4;4;0;8;0;16;3;0;1;5;0;88,0(08);224,9;58;1014,1;1019,5(15);1008,2;996,5(08);12;253;6;6;4;2;30,4(24);8,8(07);12,2;23,8;18,6;13,3;17,2;0;0;1;28/24,7(03);9981A;
6;2002;169;55;1920;10,4;6;9;0;1;6;0;15;4;0;18;2;0;22,3(04);37,9;69;1016;1015,5(25);1010,2;993,9(04);12;249;5;3;1;0;34,0(26);13,1(08);21,4;29,7;23,7;17,6;21,4;0;0;0;28/18,3(06);9981A;
7;2002;190;55;2106;10,2;4;5;0;0;11;0;22;5;0;25;5;0;1,7(08);3,8;69;1014,8;1014,2(06);1009,1;1003,8(31);11;263;5;2;0;0;35,5(25);15,5(01);27,3;31,9;26;20,1;22,8;0;0;0;30/18,9(14);9981A;
8;2002;197;61;1722;8,1;8;4;0;0;15;0;19;8;0;19;2;0;7,8(22);25,1;59;1014,2;1014,1(31);1008,5;999,7(10);10;238;9;4;0;0;36,9(15);15,9(28);21,9;30,4;25,2;20;23,4;0;0;0;31/23,9(10);9981A;
9;2002;184;67;1076;7,5;9;4;0;0;12;0;17;10;0;6;2;0;40,3(16);83,7;60;1014,8;1017,2(30);1009;1000,1(23);9;189;10;8;4;1;32,0(01);11,3(26);22;28;22,7;17,3;20,8;0;0;0;24/15,8(02);9981A;
10;2002;153;70;1014;6,9;7;2;6;0;5;0;22;3;0;0;2;0;21,4(09);40,9;62;1015,2;1023,4(28);1009,4;990,5(09);8;176;5;4;1;0;28,0(27);9,2(19);18,4;24,7;19,1;13,5;17,1;0;0;5;34/19,4(11);9981A;
11;2002;108;62;1153;5,2;7;1;1;0;11;0;22;1;0;0;8;1;5,6(19);13,3;52;1011,9;1018,0(02);1006;982,7(14);11;241;8;3;0;0;28,0(03);5,4(16);13,8;20,1;15,1;10,1;18;0;0;0;30/31,1(07);9981A;
12;2002;99;70;834;4,3;10;0;3;0;12;0;21;0;0;0;11;2;13,0(19);28,7;46;1016,2;1019,2(13);1010,2;994,1(27);10;244;8;5;1;0;21,9(25);3,0(09);10,5;16,5;12,3;8,1;14;0;0;1;30/30,3(05);9981A;
1;2003;73;55;1145;5,4;4;9;1;0;11;0;18;0;2;0;11;1;7,8(05);12,7;56;1017,2;1028,0(14);1011,1;989,7(06);14;316;9;2;0;0;23,5(27);-1,2(15);7;14,9;10,5;6,1;12,8;0;0;0;31/28,9(31);9981A;20761
2;2003;81;65;819;4,9;13;3;2;0;12;1;12;1;1;0;6;2;25,2(19);66,9;47;1018,2;1021,6(28);1012,1;994,6(04);12;274;9;8;3;0;19,5(03);-0,1(18);6,2;14,3;10;5,7;10,9;0;0;0;29/28,1(04);9981A;22242
3;2003;105;68;865;6,1;14;4;9;0;9;0;13;1;0;0;1;0;65,4(27);86;51;1021;1026,7(16);1015;1002,2(28);8;164;8;6;1;1;25,0(04);2,0(17);13,1;19,5;13,6;7,7;13,9;0;0;5;32/21,9(03);9981A;40304
4;2003;118;63;1122;7,2;9;6;0;0;9;0;15;2;0;0;6;2;25,5(15);55,8;54;1013,5;1016,9(17);1007,6;995,9(10);11;234;6;3;2;0;27,0(06);6,1(05);13,2;21,8;16,1;10,3;16,4;0;0;0;31/29,4(10);9981A;
5;2003;146;60;1407;9,4;7;4;0;0;8;0;20;4;0;6;3;0;65,3(06);118,9;65;1017;1021,6(22);1011,1;1000,1(06);10;225;8;7;3;1;31,4(31);10,0(06);15,5;25,9;20;14;18,2;0;0;0;29/22,5(25);9981A;69739
6;2003;206;57;1889;10,5;2;4;0;0;5;0;24;3;0;24;0;0;2,5(04);5,8;70;1014,6;1015,4(19);1008,9;1000,3(29);11;214;4;3;0;0;39,6(15);16,5(06);26,7;33,1;26,7;20,3;25,2;0;0;0;28/11,7(16);9981A;
7;2003;228;59;1913;10,5;2;5;0;1;7;0;24;4;0;30;0;0;18,0(23);24,8;71;1015;1016,1(29);1009,3;1001,4(15);10;201;4;2;1;0;38,2(27);18,8(02);28,9;33,7;27,8;21,8;24,7;0;0;0;28/10,8(01);9981A;73162
8;2003;225;57;2077;10,3;2;8;0;0;9;0;21;5;0;30;0;0;29,1(16);44,8;75;1015,2;1015,5(13);1009,6;997,8(28);9;179;7;5;1;0;40,0(13);18,6(18);28;35,5;28,5;21,5;23,7;0;0;0;18/11,9(17);9981A;
9;2003;188;68;1212;7;10;4;0;1;13;0;16;8;0;6;4;1;23,3(30);78,8;56;1018;1017,9(15);1012,2;998,5(30);8;180;14;11;2;0;32,6(17);13,2(17);22,3;28,2;23;17,6;21;0;0;0;30/28,9(09);9981A;
10;2003;140;69;1027;5,1;11;1;0;0;16;0;19;2;0;0;5;1;19,9(15);53,1;45;1012,4;1016,3(07);1006,5;978,7(31);9;218;14;11;2;0;29,4(03);6,5(25);12,5;21,9;17,6;13,3;19;0;0;0;28/25,3(05);9981A;
11;2003;119;73;636;4,9;9;2;1;1;10;0;19;4;0;0;3;0;114,5(15);179;49;1015,6;1022,0(04);1009,7;984,6(01);8;187;11;6;2;2;23,0(04);7,2(29);13,4;18,7;14,3;9,9;15,5;0;0;1;28/20,3(27);9981A;
12;2003;91;68;851;4,9;5;0;0;0;8;0;26;0;0;0;8;3;25,9(04);41,6;52;1017,9;1022,0(25);1011,8;996,1(01);12;271;7;4;1;0;19,8(14);2,6(11);10,3;15,2;10,9;6,6;12,5;0;0;0;30/28,3(30);9981A;
1;2004;85;57;1266;6,2;6;2;2;0;7;0;23;0;0;0;16;2;1,7(30);2,4;65;1015,7;1019,5(31);1009,6;997,7(26);13;301;5;1;0;0;23,2(14);1,8(08);12,1;17,7;12,9;8;16,7;0;0;1;32/26,9(01);9981A;
2;2004;83;67;693;6,2;7;6;7;0;7;0;16;0;0;0;4;1;24,4(25);72,4;58;1019;1030,0(05);1012,9;990,2(21);9;210;7;3;3;0;20,5(12);2,0(11);8,8;15,4;10,2;5,1;8,5;0;0;4;29/30,0(28);9981A;
3;2004;89;63;1022;5;14;2;1;0;8;0;15;1;1;0;5;0;50,9(29);88,9;43;1019,5;1025,2(15);1013,5;996,6(29);10;222;7;4;2;1;23,5(20);-1,0(03);8,5;16,9;12;7,1;12,2;0;0;1;32/20,0(06);9981A;38534
4;2004;107;61;1151;8,5;7;4;3;0;15;0;19;2;0;0;4;0;30,2(15);87,7;63;1012,8;1020,8(03);1006,8;992,2(29);11;241;11;6;4;1;26,6(20);3,9(01);11,5;20,6;15,1;9,5;14;0;0;1;32/24,4(07);9981A;57974
5;2004;137;63;1218;8,6;10;6;2;0;12;0;15;4;0;0;6;0;22,7(03);84,2;59;1013,8;1018,8(18);1007,9;989,4(05);10;205;9;7;4;0;29,6(19);6,7(09);14;23,9;18,1;12,2;18,2;0;0;0;31/21,9(06);9981A;66900
6;2004;185;57;1774;10,7;3;4;0;0;6;0;23;5;0;19;1;0;3,6(12);10;71;1017;1016,9(09);1011,2;998,9(19);10;210;5;3;0;0;36,1(28);14,6(16);27,4;31,3;24,7;18,2;22;0;0;0;31/15,3(02);9981A;77089
7;2004;195;56;1972;10;4;4;2;0;7;0;23;5;0;22;1;0;3,4(05);10,9;68;1016;1015,3(03);1010,2;1003,4(07);12;231;6;5;0;0;38,2(25);16,8(10);28;31,7;26;20,2;23,2;0;0;1;31/16,1(12);9981A;73655
8;2004;215;58;1888;9,1;5;4;0;1;9;0;22;7;0;29;1;0;34,3(17);43;66;1013,7;1014,9(21);1008;999,7(09);10;216;4;3;1;1;36,6(12);17,9(18);29,5;33,1;27,2;21,3;24,3;0;0;0;28/15,8(02);9981A;64454
9;2004;200;66;1340;7,5;7;5;0;2;8;0;18;9;0;11;3;0;52,6(11);72,8;61;1018,1;1017,2(03);1012,3;1004,7(24);10;206;7;4;1;1;33,0(04);13,0(17);26,5;29,4;24,2;18,9;23;0;0;0;32/17,5(24);9981A;48418
10;2004;155;65;1126;6,7;7;1;4;0;11;0;23;2;0;2;2;0;9,6(27);19,6;61;1012,7;1017,5(02);1006,9;993,7(29);9;177;7;3;0;0;31,4(20);8,5(31);15;26,1;20,2;14,3;19,8;0;0;0;30/18,6(26);9981A;37707
11;2004;89;61;1095;6,6;3;5;1;0;6;0;22;0;0;0;7;0;0,6(04);0,9;67;1019;1024,0(17);1012,9;998,9(10);14;305;2;0;0;0;22,6(04);3,2(28);10,9;17,3;12,6;7,9;14,2;0;0;1;30/23,3(14);9981A;
12;2004;89;68;835;4,9;7;2;1;0;11;0;22;1;0;0;11;3;17,4(12);50,9;53;1018,3;1025,2(30);1012,2;988,6(01);13;311;9;8;2;0;20,0(19);2,9(31);9,4;14,5;10,8;7,1;14,5;0;0;0;31/28,6(28);9981A;
1;2005;66;58;1030;8,2;1;13;0;0;0;0;17;0;4;0;11;1;0,0(--);0;84;1024,4;1031,6(06);1018,2;1001,5(26);16;363;0;0;0;0;20,0(20);-1,0(27);6,9;13,7;8,8;3,8;14,1;0;0;0;30/26,9(19);9981A;
2;2005;62;55;1076;6,5;5;7;0;0;10;1;16;0;4;0;10;4;8,4(08);16,6;61;1017,2;1030,3(10);1011,1;994,9(22);13;308;8;2;0;0;20,9(11);-2,6(26);5,3;14;9;4,1;12;0;0;0;32/34,4(13);9981A;
3;2005;89;59;1119;6,8;9;4;4;0;8;1;18;1;1;0;5;0;9,9(23);13;57;1017,1;1026,1(17);1011,1;1000,0(03);10;218;5;2;0;0;27,0(29);-2,5(01);2,4;18,7;12,9;7;14;0;0;4;30/20,3(07);9981A;
4;2005;103;54;1484;7,9;8;2;1;0;8;0;20;2;0;0;6;0;19,0(02);20,3;59;1014,8;1022,3(05);1008,9;996,2(18);13;282;4;1;1;0;29,6(29);6,0(10);13,3;22,1;16,4;10,5;14,3;0;0;1;31/24,7(10);9981A;
5;2005;143;58;1550;9,1;11;3;1;0;13;0;17;3;0;1;2;0;57,7(16);75,1;63;1015,9;1017,5(24);1010,1;1000,6(17);10;220;10;5;1;1;32,0(03);11,0(07);20,4;26,6;20,5;14,4;18;0;0;0;29/24,2(05);9981A;
6;2005;195;57;1791;10,2;6;5;0;0;10;0;19;9;0;24;0;0;6,9(12);16,5;68;1015,8;1017,8(08);1010,1;1000,6(13);9;191;6;4;0;0;38,2(23);14,5(01);23;32;25,5;18,9;24,2;0;0;0;30/11,1(29);9981A;
7;2005;205;54;2170;10,8;2;9;0;0;5;0;20;3;0;28;0;0;1,0(29);1,1;73;1014,9;1018,4(20);1009,2;1001,4(24);11;223;2;1;0;0;37,1(29);18,2(11);27;33,4;27,4;21,4;24;0;0;0;32/12,2(18);9981A;
8;2005;203;59;1776;8,9;7;6;1;3;4;0;18;7;0;25;4;0;30,8(01);49,8;65;1015,5;1016,5(04);1009,7;1000,0(10);9;225;7;4;1;1;35,3(07);16,8(05);24,6;31,9;26;20,1;23;0;0;0;31/19,2(01);9981A;
9;2005;172;62;1330;8,1;8;6;0;0;6;0;16;6;0;10;1;0;52,8(07);78,3;65;;;;;9;185;5;4;2;1;34,8(16);12,4(21);21,4;28,8;22,8;16,7;21,2;0;0;0;29/17,8(17);9981A;
10;2005;167;77;711;5,7;13;1;6;0;15;0;17;5;0;0;2;0;56,7(12);108,3;51;1017,5;1016,6(24);1011,6;1004,1(21);8;176;13;9;2;1;29,7(01);10,7(07);18,5;23,7;19;14,2;18,5;0;0;3;29/19,7(02);9981A;
11;2005;106;71;704;5;10;1;0;0;12;0;19;3;0;0;7;0;45,5(14);119,9;51;1016,1;1024,0(10);1010,1;991,1(26);9;221;9;8;3;2;25,0(02);3,0(29);11,5;17,1;13;8,9;13,6;0;0;0;29/16,9(25);9981A;
12;2005;70;62;812;5,8;3;7;1;0;8;0;21;0;5;0;7;0;2,5(02);5,8;62;1018,4;1025,3(22);1012,3;994,5(02);13;279;6;2;0;0;17,5(05);-2,6(24);6,5;12,9;8,5;4;10,7;0;0;0;33/22,2(17);9981A;
1;2006;85;75;547;4,3;11;5;3;0;13;2;15;1;1;0;5;0;17,9(07);67,3;45;1019,7;1024,1(12);1013,5;1001,2(28);9;211;10;7;3;0;19,0(19);-0,5(26);6,5;12,8;8,7;4,6;9;0;0;1;28/23,9(02);9981A;
2;2006;76;63;776;7,1;3;10;0;0;6;0;15;1;0;0;4;0;29,9(26);34,2;67;1014,1;1020,2(07);1008;992,7(26);8;204;4;2;1;0;21,9(17);0,2(07);10,2;15,9;10,2;4,3;10;0;0;0;27/19,2(27);9981A;
3;2006;102;61;1241;6,6;10;0;0;0;9;0;21;0;0;0;10;4;27,9(20);34,1;55;1013,2;1018,3(07);1007,2;990,4(05);12;267;6;2;1;0;26,5(30);3,4(01);12,5;20,1;15;9,8;16;0;0;0;28/31,1(11);9981A;
4;2006;118;58;1317;8,6;12;6;2;0;8;0;12;1;0;0;5;0;2,6(15);6,5;65;1014;1017,0(03);1008,1;996,7(05);10;229;7;3;0;0;29,2(26);5,0(12);19,6;24,1;17,8;11,5;14,9;0;0;1;26/18,6(11);9981A;
5;2006;144;57;1617;8,6;10;1;1;0;13;0;20;2;0;8;1;0;1,4(23);7;59;1016,7;1019,9(25);1010,9;1001,3(22);10;212;13;2;0;0;36,0(27);9,1(01);20;27,6;21;14,4;18,4;0;0;0;28/16,1(30);9981A;
6;2006;182;57;1734;10,2;5;3;0;0;11;0;22;6;0;17;0;0;1,2(09);1,9;68;1016,8;1017,5(12);1011,1;1002,7(24);10;202;3;1;0;0;35,8(24);11,4(01);25,3;30,6;24,3;18,1;21,5;0;0;0;30/12,8(24);9981A;74574
7;2006;231;56;2122;11,6;1;5;0;0;4;0;25;2;0;31;0;0;0,8(05);0,8;78;1016,3;1016,1(10);1010,6;1004,2(29);11;214;1;0;0;0;38,5(12);19,9(01);31,2;35;28,6;22,1;24,3;0;0;0;29/10,3(07);9981A;77924
8;2006;167;46;2481;10,7;2;8;2;0;6;0;21;3;0;29;4;0;6,5(15);18,9;78;1013,3;1017,8(21);1007,6;997,0(16);13;265;5;3;0;0;37,6(01);15,0(18);26,6;33,2;26,7;20,2;25,4;0;0;0;29/21,1(03);9981A;74250
9;2006;199;67;1304;7,4;7;3;1;0;9;0;20;5;0;12;3;0;140,8(12);199,2;60;1014,2;1017,8(04);1008,4;998,6(14);10;217;7;6;3;1;35,6(05);14,8(27);22,1;29,4;24,1;18,7;22,4;0;0;0;27/21,9(14);9981A;
10;2006;179;76;780;6,2;9;3;3;1;8;0;19;3;0;2;3;0;35,1(15);98,2;55;1014,7;1021,4(28);1008,8;997,0(19);7;154;8;7;3;1;31,5(01);11,7(06);19;25,7;20,5;15,2;18,4;0;0;2;33/19,7(18);9981A;
11;2006;134;74;624;5,1;10;2;2;0;11;0;18;0;0;0;2;0;29,8(07);48,3;52;1019,7;1024,7(30);1013,7;999,7(24);7;161;7;4;2;0;25,5(01);6,7(30);15;20,5;15,8;11,1;16,2;0;0;2;29/20,0(22);9981A;23117
12;2006;80;66;680;5,6;6;6;1;0;9;0;19;0;2;0;3;0;2,7(15);12,1;60;1024,8;1032,4(31);1018,7;997,7(08);12;267;8;5;0;0;24,3(04);-1,1(28);7,4;14;9,7;5,4;10,8;0;0;1;31/23,6(06);9981A;
1;2007;89;67;752;5,3;8;5;0;0;6;0;18;1;0;0;4;1;9,9(25);13,1;56;1024,1;1030,3(01);1017,9;996,8(22);10;212;5;3;0;0;26,0(19);0,4(27);8,1;16;10,8;5,6;11,5;0;0;0;28/28,1(23);9981A;23386
2;2007;97;65;882;5,4;6;1;2;0;13;0;21;0;0;0;8;1;9,1(17);27,5;51;1015,6;1022,7(02);1009,6;996,1(09);9;220;10;5;0;0;26,1(28);3,1(16);13,2;18,6;13,2;7,8;13,7;0;0;1;30/25,6(09);9981A;28125
3;2007;86;54;1466;7,8;6;4;0;0;11;0;21;2;0;0;14;4;36,9(31);69,3;65;1016,6;1022,9(10);1010,6;994,5(19);13;319;7;6;2;1;27,6(03);3,8(22);12,6;20;14,2;8,5;14,8;0;0;0;29/35,6(07);9981A;48865
4;2007;135;72;820;6;13;3;5;0;18;0;14;4;0;0;2;0;27,3(07);112,4;45;1015,6;1017,1(22);1009,7;997,0(04);9;181;16;10;6;0;29,6(24);7,0(11);13,8;21,6;16,2;10,7;13,9;0;0;2;27/21,1(04);9981A;47798
5;2007;138;54;1714;9;8;3;3;0;10;0;20;5;0;6;9;0;10,4(03);26,1;62;1013,2;1018,6(08);1007,4;997,6(27);12;259;7;4;1;0;33,8(18);7,7(02);16,5;26,9;20,8;14,6;18,1;0;0;2;31/20,3(28);9981A;72098
6;2007;178;56;1667;10;5;1;1;0;8;0;24;2;0;18;2;0;4,3(04);6;66;1013,3;1015,6(01);1007,6;999,9(14);11;217;5;1;0;0;36,1(25);14,6(06);24,9;30,2;24;17,9;20,7;0;0;1;30/18,6(01);9981A;73228
7;2007;201;57;1962;11,8;2;10;0;0;4;0;19;2;0;28;5;0;9,9(21);20,1;80;1015,3;1016,3(05);1009,5;997,6(23);12;237;4;4;0;0;36,6(30);17,0(06);23,6;32;26;19,9;22,7;0;0;0;27/22,2(09);9981A;81895
8;2007;184;52;2056;9,3;5;6;1;0;9;0;20;3;0;28;6;0;5,1(24);6,1;67;1013,7;1017,4(25);1007,9;999,0(21);11;239;4;1;0;0;37,4(27);16,6(11);27,5;32,7;26,5;20,3;23,6;0;1;0;28/22,2(21);9981A;65865
9;2007;174;60;1423;8,3;5;4;1;0;7;0;21;2;0;16;4;0;15,0(22);29,1;66;1017,1;1016,3(21);1011,3;1003,8(27);10;204;5;2;2;0;33,6(06);11,1(28);21,5;29,3;23,4;17,5;20;0;0;2;29/21,1(26);9981A;52452
10;2007;144;67;980;7;7;3;1;0;11;0;21;4;0;0;3;0;20,7(16);76,7;63;1017,7;1019,5(27);1011,8;1002,4(24);9;204;10;8;2;0;28,1(01);8,0(22);16,1;24;18,8;13,6;18,7;0;0;1;29/17,8(10);9981A;38677
11;2007;83;53;1055;7,7;3;13;0;0;3;0;14;0;2;0;6;0;0,0(--);0;77;1017,6;1021,7(07);1011,6;999,8(22);10;233;0;0;0;0;23,2(08);-1,8(18);13,8;19;13,3;7,5;11,5;0;0;0;27/22,5(09);9981A;31234
12;2007;83;64;833;5,8;8;8;0;0;8;0;15;4;3;0;12;3;58,9(20);129,8;62;1023,4;1025,9(28);1017,2;1001,9(09);11;255;8;6;3;2;23,0(05);-1,0(14);6;15;10,3;5,6;12,5;0;0;0;28/30,0(08);9981A;21583
1;2008;94;69;662;6,2;6;8;4;0;9;0;17;0;1;0;6;0;4,7(02);10,9;64;1021,6;1033,0(26);1015,5;988,9(03);8;191;6;6;0;0;23,0(06);-0,3(01);9,6;16,8;11,4;5,9;11,2;0;0;3;30/23,3(16);9981A;25590
2;2008;107;77;441;4,5;12;5;7;0;12;0;12;0;0;0;0;0;16,5(24);39,1;43;1025,1;1030,0(17);1019;1003,6(04);5;116;11;9;1;0;23,1(27);2,1(05);11,5;16,8;11,8;6,6;12,3;0;0;5;27/13,3(04);9981A;24857
3;2008;87;51;1538;7,9;5;6;4;0;7;0;20;0;0;0;19;6;1,2(30);1,9;66;1012,7;1018,9(01);1006,7;985,6(22);14;358;5;1;0;0;25,0(11);3,7(06);12,7;20,1;14,5;8,9;17,1;0;0;3;30/27,2(24);9981A;51159
4;2008;111;56;1314;8,5;6;3;3;0;11;0;21;1;0;0;6;0;13,4(20);21,6;63;1011,3;1022,7(25);1005,4;980,8(20);10;219;8;5;1;0;29,0(03);6,3(13);14;23,6;17,3;10,9;15,2;0;0;2;25/20,3(18);9981A;58577
5;2008;156;73;908;6,1;16;0;0;1;21;0;15;8;0;1;1;0;49,7(09);229,3;42;1011,1;1015,7(03);1005,3;994,6(10);8;182;18;18;7;3;31,5(05);10,2(11);17,1;23,5;18,6;13,7;16,9;0;0;0;09/16,9(10);9981A;52610
6;2008;177;59;1558;10,4;3;6;0;0;9;0;21;6;0;14;2;0;7,8(16);13,9;69;1015,2;1014,2(20);1009,5;997,7(16);10;213;8;4;0;0;34,4(28);13,0(01);20,5;29,3;23,2;17,1;22,1;0;0;0;27/17,8(12);9981A;71352
7;2008;214;61;1629;10;5;4;0;1;9;0;22;5;0;27;1;0;43,5(12);44,4;68;1014,6;1018,9(15);1008,9;1001,7(12);10;209;3;1;1;1;35,5(26);16,6(12);26;31,8;26,1;20,3;23,9;0;0;0;28/17,5(13);9981A;73052
8;2008;220;62;1690;8,8;6;3;0;0;9;0;22;7;0;28;1;0;9,6(31);18,1;64;1014;1014,9(26);1008,3;997,5(12);10;196;4;3;0;0;38,1(12);14,4(16);29;33,1;26,8;20,3;23,4;0;0;0;31/18,1(15);9981A;61308
9;2008;180;65;1270;7;5;6;0;0;11;0;19;5;0;9;3;1;27,9(22);41,9;56;1014,6;1017,7(27);1008,8;997,9(05);9;205;7;5;1;0;34,5(11);10,5(29);18,1;28,1;22,5;16,9;21,6;0;0;0;28/25,6(12);9981A;45057
10;2008;151;71;835;5,5;13;4;2;0;17;0;14;1;0;0;4;0;78,2(18);127,4;49;1017,2;1022,1(10);1011,3;990,1(31);8;179;15;9;3;1;28,6(15);4,7(30);13,5;23;18,1;13,2;19,8;0;1;1;27/19,7(29);9981A;32467
11;2008;92;62;902;6,8;6;10;0;0;5;0;14;1;0;0;11;0;29,2(01);34,6;69;1014,9;1022,8(09);1008,9;986,7(29);11;256;5;3;1;0;21,0(10);1,7(30);11,6;17,2;12,6;7,8;14;0;0;0;27/25,0(24);9981A;27525
12;2008;83;69;739;4,3;9;3;1;0;13;0;19;0;2;0;12;0;21,3(27);47;47;1016,2;1024,5(20);1010,1;987,9(14);11;258;10;5;1;0;19,0(21);-0,8(25);5,5;13;9,6;6,1;11;0;0;1;29/23,3(18);9981A;18165
1;2009;80;69;776;5,3;7;3;4;0;12;1;21;0;2;0;9;4;13,5(09);30,5;55;1013,3;1024,0(11);1007,2;984,6(24);11;251;10;6;1;0;22,7(23);-1,0(08);4;13,3;9,1;4,8;11,1;0;0;1;28/40,8(26);9981A;22112
2;2009;84;64;839;6,3;7;7;3;0;8;0;14;1;0;0;13;2;3,0(01);8,8;59;1013,7;1023,0(25);1007,6;984,2(06);8;209;7;3;0;0;21,3(09);1,8(21);9,9;16,3;11,1;5,8;12,5;0;0;1;27/33,3(07);9981A;29336
3;2009;93;59;1150;7,9;8;9;3;0;10;0;14;0;0;0;9;2;6,8(30);13,4;66;1014,9;1021,4(17);1008,9;982,1(05);10;213;9;3;0;0;26,8(14);3,0(18);11;20,1;13,6;7,1;12,1;0;0;3;30/33,3(05);9981A;49039
4;2009;110;62;1026;7,5;10;2;0;0;16;0;18;8;0;1;5;0;28,7(07);79,4;56;1012,6;1016,3(04);1006,6;994,4(11);9;197;14;11;2;0;30,2(23);6,4(11);13,4;21,3;15,4;9,4;14,5;0;0;0;27/22,5(21);9981A;54226
5;2009;148;56;1516;9,6;8;8;0;0;8;0;15;0;0;6;5;0;0,5(13);1,1;66;1016,4;1019,1(02);1010,6;1002,0(14);9;215;4;0;0;0;34,0(28);9,3(16);22,1;27,8;21,2;14,5;18,5;0;0;0;30/19,2(15);9981A;73177
6;2009;190;55;1732;10,1;3;5;0;0;11;0;22;9;0;25;4;0;4,1(05);8,6;67;1014;1016,3(11);1008,3;996,5(05);9;178;8;3;0;0;37,5(19);13,7(01);26,2;32,6;25,6;18,6;22,3;0;0;0;27/16,4(20);9981A;73576
7;2009;215;57;1914;10,3;6;6;0;0;6;0;19;4;0;29;2;0;4,0(08);4,4;70;1015,3;1017,1(25);1009,6;1002,3(23);9;192;2;1;0;0;39,4(23);16,7(19);25,6;33,5;27,5;21,5;24,4;0;0;0;28/24,4(17);9981A;74836
8;2009;218;57;1955;10,2;1;9;1;0;4;0;21;4;0;31;0;0;7,7(25);7,8;74;1015,3;1014,2(10);1009,6;1001,1(24);9;192;2;1;0;0;38,5(14);19,4(20);30,2;35;28,3;21,5;23,4;0;0;1;30/13,6(02);9981A;69043
9;2009;180;62;1398;7,5;4;2;0;0;12;0;24;7;0;12;0;0;54,2(29);116,5;60;1016,5;1016,8(23);1010,7;1001,4(16);8;165;8;6;4;1;38,0(03);12,4(18);22;29,6;23,7;17,7;23,5;0;0;0;30/15,0(04);9981A;46705
10;2009;158;64;1218;7,2;4;6;3;0;6;0;21;4;0;1;3;1;16,4(01);31;64;1015,4;1018,2(31);1009,6;988,3(22);7;191;6;5;1;0;31,0(08);7,2(19);18,4;26,2;20,7;15,2;19,5;0;0;2;32/27,2(22);9981A;40035
11;2009;113;65;938;5,4;5;1;5;0;9;0;24;0;0;0;9;3;1,9(08);5,8;54;1015,1;1022,4(23);1009,2;993,7(29);8;239;4;3;0;0;26,8(16);5,2(25);12,5;20,6;15,7;10,9;16,5;0;0;4;29/28,1(02);9981A;24528
12;2009;87;68;693;3,9;9;2;0;0;17;0;20;0;2;0;8;0;9,7(25);32,4;42;1009,5;1020,3(10);1003,5;981,6(24);7;241;13;9;0;0;24,0(30);-1,7(21);4,4;14,5;10,3;6,1;12,4;0;0;0;25/22,8(01);9981A;16858
1;2010;80;68;685;3,7;12;1;2;0;18;2;18;0;1;0;15;4;28,5(07);66,8;38;1012,8;1018,3(26);1006,7;988,8(14);9;301;13;9;2;0;18,7(20);-0,4(12);3,9;12,8;9,2;5,5;10,5;0;0;2;32/36,9(14);9981A;18487
2;2010;79;64;820;5,3;8;1;5;0;10;1;19;1;1;0;10;1;10,7(18);28,4;50;1006,8;1019,8(02);1000,8;984,5(19);7;288;7;5;1;0;21,4(24);0,0(03);7;14,5;9,8;5;12,5;0;0;2;32/26,7(11);9981A;25838
3;2010;90;62;895;6,2;12;5;5;0;10;0;14;1;0;0;5;0;9,7(07);21,7;52;1016,5;1023,7(17);1010,5;996,3(08);8;262;8;4;0;0;22,6(27);1,8(10);9;17;12;7;12,4;0;1;4;30/21,7(04);9981A;42334
4;2010;120;64;996;7,1;11;3;2;0;13;0;16;0;0;1;2;0;12,8(12);26,7;53;1016,6;1021,6(05);1010,6;1000,3(11);7;224;9;4;1;0;30,6(26);5,8(02);13,5;22;16,2;10,4;14,1;0;0;1;30/18,6(04);9981A;52053
5;2010;124;54;1626;9,6;9;5;1;0;12;0;17;3;0;6;8;0;14,5(03);47;66;1012,8;1019,9(18);1007;993,3(09);11;308;8;5;2;0;35,2(31);7,9(07);13,1;25,5;19,2;12,8;21,6;0;0;1;32/22,5(04);9981A;70835
6;2010;169;56;1685;9,7;4;4;0;0;10;0;22;8;0;13;4;0;13,1(09);33,7;65;1012,8;1013,4(05);1007;994,5(10);9;262;9;6;1;0;36,0(30);13,0(15);23,5;29,9;23,6;17,3;22,6;0;0;0;32/20,8(20);9981A;72114
7;2010;220;55;2088;11,5;2;7;0;0;3;0;22;6;0;31;2;0;4,3(22);4,9;78;1015,3;1016,2(23);1009,6;1002,5(14);11;274;2;1;0;0;37,7(05);19,2(24);32,2;34,5;28,2;22;23,5;0;0;0;27/17,5(25);9981A;79781
8;2010;211;59;1834;9,8;2;10;1;0;6;0;19;6;0;28;4;0;20,5(19);31,9;72;1015;1018,7(16);1009,3;1002,6(23);10;260;6;3;1;0;41,1(27);17,4(20);24,5;33,2;26,9;20,5;22,9;0;0;0;32/21,4(05);9981A;68685
9;2010;180;62;1312;8,3;7;4;0;0;6;0;19;5;0;12;4;0;19,8(17);50,7;67;1014,3;1017,7(14);1008,5;994,2(07);8;228;6;5;3;0;35,0(04);10,7(28);24;29,6;23,4;17,1;21,9;0;0;0;31/18,9(25);9981A;51762
10;2010;136;64;1176;7,2;5;5;1;0;9;0;21;2;0;0;8;0;48,1(12);102;65;1011,8;1018,7(27);1006;989,3(31);9;265;5;4;3;2;29,0(02);4,6(27);17,6;23,5;18,1;12,6;20;0;0;1;33/21,9(25);9981A;40875
11;2010;93;60;1063;6,4;4;3;2;0;7;0;23;0;0;0;16;2;5,1(29);11,2;64;1009,8;1023,0(05);1003,8;979,1(09);8;292;4;3;0;0;25,5(04);2,2(29);8,2;18,3;13,4;8,4;14,9;0;0;2;29/28,3(16);9981A;27015
12;2010;80;66;678;4,8;9;6;1;0;12;0;16;0;2;0;8;1;2,5(22);8,5;52;1012;1023,0(10);1005,9;985,9(23);8;258;10;3;0;0;22,6(08);-2,4(27);8,5;13,9;9,3;4,7;11,2;0;0;2;32/26,4(23);9981A;19938
1;2011;85;69;615;6;6;9;4;0;6;0;16;0;4;0;5;0;9,8(28);18,6;63;1018,1;1023,8(16);1011,9;997,0(27);6;224;4;2;0;0;22,1(13);-2,1(25);9;14,8;9,7;4,5;10,8;0;0;3;32/20,3(21);9981A;24858
2;2011;84;59;987;7,3;2;5;2;0;8;0;21;0;0;0;9;1;0,8(15);1,9;69;1017,8;1025,9(05);1011,8;986,5(17);8;263;5;0;0;0;24,5(25);1,7(11);9,5;18,3;12,5;6,6;15,9;0;0;2;32/28,6(22);9981A;33575
3;2011;102;67;869;5,8;12;3;3;1;13;0;16;1;0;0;9;0;41,3(11);144;48;1018,1;1024,8(24);1012;993,6(16);9;253;10;7;5;2;27,2(31);2,5(11);12;18,2;13,4;8,5;12,9;0;0;3;29/19,2(15);9981A;
4;2011;137;66;1092;7,8;7;6;2;1;8;0;17;2;0;2;3;0;36,3(22);88,5;59;1015,5;1021,3(07);1009,6;996,0(30);8;231;6;6;2;2;32,0(08);7,2(17);14,9;23,8;18;12,1;15,6;0;0;1;30/18,6(10);9981A;54138
5;2011;159;61;1345;9,4;7;4;0;0;9;0;20;3;0;6;3;0;22,6(07);28,8;65;1017;1020,2(16);1011,2;995,1(02);9;241;4;2;1;0;33,7(24);11,0(20);20,5;27,5;20,9;14,3;18;0;0;0;31/19,2(14);9981A;72139
6;2011;180;58;1550;10,1;4;6;0;0;5;0;20;4;0;17;2;0;5,8(03);9,7;67;1016;1017,4(25);1010,2;999,0(07);10;263;4;2;0;0;35,2(29);11,8(05);22,7;29,9;23,7;17,6;21,1;0;0;0;30/18,6(01);9981A;73401
7;2011;194;54;1992;10,3;4;4;0;1;5;0;23;8;0;27;6;0;11,4(03);17,7;70;1012,7;1014,6(15);1007;997,8(12);11;285;3;3;1;0;35,3(06);17,2(15);27,8;32,1;26,2;20,3;24,3;0;0;0;33/23,6(19);9981A;76406
8;2011;232;62;1763;9,9;1;7;0;0;6;0;23;4;0;31;1;0;1,3(05);1,7;72;1014;1016,9(10);1008,3;1001,0(26);11;244;3;1;0;0;36,5(19);18,1(10);30,4;33,5;27,6;21,6;24,4;0;0;0;35/16,1(26);9981A;68926
9;2011;200;62;1494;9,6;2;5;2;0;1;0;23;1;0;24;2;0;0,3(23);0,3;77;1016,4;1019,1(06);1010,6;1003,3(01);8;207;1;0;0;0;35,4(08);14,5(25);26;31,6;25;18,4;22,4;0;0;2;34/23,9(18);9981A;56101
10;2011;143;61;1323;7;6;11;1;0;6;0;14;0;0;8;3;0;10,1(26);20;63;1018,4;1019,2(10);1012,5;993,5(24);8;225;5;5;1;0;34,0(12);7,2(26);18,5;26,5;20,1;13,7;16,9;0;0;0;33/22,8(07);9981A;39507
11;2011;138;82;474;4,7;10;6;6;0;13;0;14;4;0;0;2;0;82,9(19);176,8;48;1016,6;1023,2(26);1010,6;988,2(04);8;214;11;9;5;1;25,2(01);6,0(27);11,8;18,7;14,8;10,9;16,1;0;0;3;32/22,8(06);9981A;21881
12;2011;87;61;1080;6,2;5;4;0;0;2;0;22;0;0;0;12;1;2,2(02);2,2;67;1023,1;1029,9(26);1017;1000,4(16);13;305;1;1;0;0;20,6(05);1,3(26);12,2;16,6;12,2;7,7;14,8;0;0;0;29/25,8(16);9981A;23683
1;2012;81;63;985;6,7;2;8;1;0;5;0;21;0;0;0;11;2;10,6(16);20,5;70;1023,8;1029,8(19);1017,7;1006,8(16);13;309;4;3;1;0;21,4(05);0,6(19);6,6;15,4;10,5;5,6;13,1;0;0;1;30/26,9(06);9981A;26393
2;2012;56;44;1341;8,4;2;20;1;0;2;0;7;0;2;0;16;0;0,2(05);0,2;79;1021,1;1022,1(21);1015;1002,9(01);17;387;1;0;0;0;24,1(26);-0,6(04);6,6;14,9;9,4;3,9;9,9;0;0;1;30/24,2(03);9981A;39323
3;2012;91;55;1254;9,2;3;14;4;0;4;0;14;1;0;0;4;0;30,0(20);41,5;77;1023;1026,3(09);1017;1001,8(31);10;234;3;3;1;1;28,7(30);3,8(01);16,1;21,5;14,2;6,8;10,8;0;0;2;31/24,7(05);9981A;56457
4;2012;110;60;1176;7,8;8;2;2;0;12;0;20;5;0;0;9;0;28,2(28);71,1;58;1007,5;1011,2(16);1001,6;992,4(19);11;271;10;9;2;0;26,1(01);4,8(07);16,4;21,2;15,8;10,4;14,1;0;0;0;30/23,3(16);9981A;52524
5;2012;150;59;1595;9,5;7;5;0;0;7;0;19;2;0;6;5;1;13,0(04);14,3;66;1014,9;1019,0(11);1009;998,1(20);13;273;5;1;1;0;34,6(12);7,4(01);19,8;26,9;20,6;14,3;17,8;0;0;0;32/30,8(22);9981A;
6;2012;197;58;2024;10,7;3;5;0;0;8;0;22;1;0;20;2;0;7,5(11);14,5;71;1014,1;1016,4(23);1008,3;998,2(07);9;201;6;3;0;0;37,2(25);15,3(09);28,5;31,9;25,5;19;23,4;0;0;0;31/22,2(12);9981A;75625
7;2012;205;58;1847;9,6;3;6;1;0;9;0;22;4;0;26;1;0;4,7(28);14,2;65;1014,8;1019,7(17);1009,1;1001,9(05);12;224;4;4;0;0;40,0(18);16,0(01);26;32,6;26,4;20,2;22,8;0;0;0;33/18,3(01);9981A;70734
8;2012;229;59;1945;9,6;2;4;0;0;5;0;25;2;0;30;2;0;0,8(30);0,8;70;1014,7;1016,3(31);1009,1;1000,7(05);12;257;1;0;0;0;38,6(20);18,7(31);28;34,5;28,3;22,2;24,3;0;0;0;30/17,5(30);9981A;66983
9;2012;169;57;1673;6,9;5;4;1;0;5;0;21;2;0;18;3;0;18,4(29);36,5;55;1014,5;1015,6(01);1008,7;995,9(26);10;239;4;3;2;0;35,5(07);11,3(27);17,2;29,7;23,9;18;21,7;0;0;0;28/23,3(13);9981A;46683
10;2012;160;70;1012;6,8;5;5;2;0;10;0;21;2;0;3;5;1;46,8(20);112,8;61;1011,6;1015,2(02);1006,1;989,2(31);9;217;9;6;4;1;33,3(09);4,5(30);14,5;24,5;19;13,5;19,9;0;0;0;30/28,6(27);9981A;37926
11;2012;114;73;658;3,8;14;1;2;0;14;0;15;1;0;0;3;2;122,0(17);146,8;38;1013,2;1022,4(07);1007,5;990,0(28);9;227;12;7;2;1;23,9(02);4,9(30);12,4;17,4;13,6;9,8;13;0;1;1;31/26,4(28);9981A;20320
12;2012;89;64;904;6,1;3;6;2;0;3;0;22;0;0;0;13;2;4,2(14);4,5;65;1018,3;1024,4(28);1012,6;1001,6(01);9;233;2;1;0;0;20,6(16);1,2(12);11,5;16,5;11,5;6,5;12,7;0;0;1;32/25,3(04);9981A;23118
1;2013;77;56;1206;6,1;3;6;0;0;13;0;22;0;0;0;15;2;7,1(23);15;63;1014,9;1031,6(03);1009,2;974,1(19);15;316;10;2;0;0;24,0(31);2,4(22);11,7;16,3;11,4;6,5;13,5;0;0;0;31/31,7(26);9981A;24691
2;2013;75;57;1149;6,2;7;1;1;0;9;0;20;0;1;0;15;2;61,3(28);81,7;58;1013,9;1020,7(04);1008,2;992,3(22);16;367;8;5;2;1;22,2(01);-0,8(27);7,2;15,2;11;6,7;12,2;0;0;1;33/31,1(12);9981A;29635
3;2013;102;64;1016;6,1;9;0;1;0;19;0;22;0;0;0;9;3;31,2(05);82,9;51;1005,3;1012,6(02);999,7;986,0(06);11;266;11;9;2;1;25,5(29);2,5(03);10,2;19;13,9;8,6;13,9;0;0;0;30/27,5(13);9981A;42251
4;2013;103;58;1308;8,1;8;5;2;0;10;0;17;0;0;0;7;0;32,2(28);81,7;61;1013,4;1019,0(24);1007,8;989,5(01);10;248;10;10;2;1;27,4(17);5,5(28);10,6;21,5;15,7;9,9;13,9;0;0;0;30/23,9(06);9981A;57222
5;2013;118;56;1524;9,5;3;5;0;0;10;0;23;2;0;1;9;1;36,9(15);56,2;66;1013,1;1015,9(13);1007,5;993,3(16);14;297;6;5;1;1;30,5(07);7,9(01);19,6;23,6;17,9;12,2;16,9;0;0;0;30/26,7(24);9981A;72528
6;2013;164;59;1506;10,8;4;9;0;1;6;0;17;4;0;8;4;0;42,8(18);86,5;72;1016,1;1017,9(29);1010,6;1000,6(17);11;230;6;4;3;1;33,5(11);13,0(09);21,7;28,2;22,1;15,9;19,7;0;0;0;30/20,8(09);9981A;75045
7;2013;224;61;1737;10,9;0;9;0;0;9;0;22;5;0;30;1;0;23,6(17);26,1;74;1015,9;1017,2(30);1010,6;1001,3(27);11;225;5;2;1;0;35,5(17);17,5(02);29,5;33,2;26,8;20,4;23,1;0;0;0;23/18,3(17);9981A;78835
8;2013;211;61;1640;8,5;3;8;0;0;7;0;20;5;0;29;2;0;14,0(28);15,7;61;1015,5;1015,7(09);1010,1;1001,8(07);11;232;4;2;1;0;35,5(10);16,3(29);26;32,3;26,3;20,2;22,7;0;0;0;31/17,8(08);9981A;60841
9;2013;181;60;1622;8,6;4;5;0;0;3;0;21;3;0;22;4;0;3,8(07);4,6;69;1015,3;1017,5(09);1009,9;998,7(28);10;227;2;1;0;0;33,2(01);15,1(22);24,9;30,4;24,3;18,3;21,3;0;0;0;30/17,5(20);9981A;52154
10;2013;161;62;1267;7;5;8;1;0;3;0;18;2;0;3;0;0;2,2(04);2,8;63;1015,8;1017,2(31);1010,3;1000,9(01);9;197;2;1;0;0;34,5(01);10,2(31);20,6;27,4;21,7;15,9;23,3;0;0;1;32/15,0(10);9981A;38123
11;2013;91;54;1457;6;3;11;0;0;6;0;16;0;1;0;18;1;91,3(16);111,5;60;1015,1;1023,3(28);1009,5;993,8(18);15;371;5;4;2;1;28,2(06);-0,3(29);9;18,5;14,3;10,1;17,1;0;0;0;28/27,8(05);9981A;25468
12;2013;81;69;685;5,5;6;10;0;0;2;0;15;0;0;0;7;1;8,4(19);8,8;59;1022,7;1027,8(10);1017;988,0(25);10;248;2;1;0;0;19,0(27);1,2(16);9,5;14,2;9,7;5,1;10,5;0;0;0;30/29,7(26);9981A;21340
1;2014;95;70;837;3,8;7;2;1;1;12;0;22;1;0;0;13;0;36,0(18);45;40;1012,8;1018,8(08);1006,7;987,9(19);10;261;9;6;1;1;20,3(26);3,1(29);12;15,5;11,6;7,7;15,3;0;0;0;29/25,0(04);9981A;19039
2;2014;85;63;926;5,7;3;4;0;0;9;0;21;0;0;0;12;2;5,0(09);15,8;54;1014,2;1021,0(26);1008,2;986,2(10);11;253;8;5;0;0;23,1(13);0,4(03);10,7;17,2;11,7;6,2;11,2;0;0;0;30/28,3(10);9981A;28249
3;2014;98;60;1194;7,4;5;5;1;0;10;0;21;1;0;0;10;2;19,0(30);29,7;62;1017;1022,7(13);1011;991,8(03);12;272;9;5;1;0;27,8(17);3,8(07);15,4;20,5;14,3;8;12,9;0;0;1;31/30,0(25);9981A;48016
4;2014;133;64;1179;8,4;6;1;0;1;6;0;23;4;0;0;5;0;15,6(21);62;63;1013,7;1019,3(08);1007,9;991,6(03);11;244;7;7;4;0;29,4(18);9,0(18);13,3;24,2;18,2;12,2;16,1;0;0;0;29/23,9(04);9981A;58534
5;2014;138;59;1498;8,3;6;3;0;0;10;0;22;4;0;1;5;0;22,6(28);62,6;58;1016;1022,2(14);1010,2;1000,5(21);11;252;8;6;3;0;30,1(10);8,7(23);18,2;25,7;19,5;13,3;16,1;0;0;2;30/20,6(02);9981A;68233
6;2014;179;57;1699;8,6;2;3;0;0;7;0;25;2;0;17;1;0;3,8(24);5,4;57;1015,3;1016,2(11);1009,6;1004,0(14);11;250;3;2;0;0;37,3(13);13,4(03);23,2;30,5;24,3;18,1;21,6;0;0;0;31/15,8(14);9981A;75368
7;2014;189;52;2133;10,1;1;12;0;0;6;0;18;4;0;26;6;0;33,8(03);34,8;69;1014,4;1014,3(03);1008,7;1002,8(19);12;274;3;1;1;1;35,7(22);16,3(04);27,5;32;26,1;20,2;23,4;0;0;0;30/20,3(21);9981A;79936
8;2014;228;66;1386;7,8;7;1;0;0;9;0;23;4;0;25;1;0;47,1(22);58,8;57;1014,6;1016,1(16);1008,9;1000,8(01);11;228;7;5;1;1;36,2(10);17,2(17);23,8;31,7;26,3;20,9;23,8;0;0;0;31/19,2(13);9981A;60140
9;2014;226;74;884;6,8;3;4;2;0;18;0;23;7;0;19;1;0;43,4(28);136;54;1014,6;1019,8(30);1008,8;1000,8(17);9;178;14;10;4;2;36,6(11);13,5(26);21,4;30,1;24,6;19,2;23,1;0;0;0;03/15,3(14);9981A;45976
10;2014;175;72;906;7,5;4;4;5;0;4;0;23;2;0;2;2;1;33,4(10);34,8;67;1017;1020,4(01);1011,1;1000,9(14);8;175;4;2;1;1;31,4(21);12,2(13);20,1;27;21,2;15,3;18,3;0;0;3;30/27,8(22);9981A;39425
11;2014;134;76;633;4,3;8;3;1;0;13;0;19;2;0;0;2;0;29,1(30);119,4;43;1010,3;1018,3(01);1004,4;986,3(28);9;191;12;8;5;0;24,6(01);4,9(11);11,6;19,9;15,4;10,9;16,1;0;0;0;11/15,8(29);9981A;22468
12;2014;87;66;987;6;2;9;0;0;6;0;20;1;0;0;16;0;14,2(14);34,4;65;1021,8;1028,5(30);1015,7;990,4(01);14;348;5;5;1;0;19,3(18);0,6(30);8,8;14,7;10,7;6,6;12;0;0;0;31/23,6(08);9981A;23353
1;2015;81;64;949;6,4;3;12;0;0;6;0;16;0;1;0;11;1;27,4(30);37,2;66;1021,7;1036,5(09);1015,6;981,1(31);11;269;5;3;1;0;21,1(03);-0,7(18);9,4;15,9;10,5;5,1;10,7;0;0;0;29/27,5(29);9981A;26649
2;2015;73;59;1007;6,3;3;5;0;0;8;0;20;0;0;0;14;5;4,2(03);9,6;59;1016,2;1028,2(18);1010,1;990,2(04);16;355;4;3;0;0;21,5(23);0,3(11);6,2;14,5;9,9;5,2;13,6;0;0;0;30/29,7(23);9981A;31360
3;2015;100;62;1310;6,7;9;3;4;0;8;0;19;1;0;0;12;2;42,0(21);114,2;56;1019,5;1026,8(06);1013,5;997,0(25);12;287;7;6;4;1;27,4(31);2,4(17);13,3;19,9;14,6;9,2;17;0;0;3;31/29,2(28);9981A;43770
4;2015;123;64;1126;8,7;5;3;1;1;7;0;22;3;0;0;4;1;31,4(26);41;65;1019,9;1025,9(07);1013,9;997,7(26);10;214;6;2;1;1;28,4(23);4,0(09);17;23,3;16,7;10,1;15,9;0;0;0;28/25,8(27);9981A;61111
5;2015;144;53;1841;10,2;4;12;3;0;2;0;15;0;0;5;8;0;3,8(19);3,8;71;1016,9;1019,9(10);1011,1;1000,3(04);12;272;1;1;0;0;32,3(14);12,3(20);23,6;28,1;21,5;14,8;17,2;0;0;3;31/21,9(14);9981A;78667
6;2015;186;56;1774;10,9;1;14;0;0;8;0;15;5;0;22;1;0;21,4(12);68,7;72;1017;1016,8(03);1011,3;1002,6(12);10;224;7;5;4;0;35,5(27);14,4(05);27,4;31,6;24,7;17,7;22,7;0;0;0;28/16,7(17);9981A;
7;2015;245;60;1850;10,2;3;5;0;0;5;0;23;4;0;29;0;0;39,0(31);46,6;69;1015,4;1017,0(03);1009,8;1001,2(24);12;236;4;4;1;1;38,7(27);18,0(31);25,4;34,8;28,7;22,5;25;0;0;0;30/14,2(27);9981A;
8;2015;226;63;1588;9,1;2;4;0;1;8;0;25;3;0;27;0;0;14,4(31);22,1;66;1015,2;1015,7(20);1009,5;999,4(23);11;230;6;3;1;0;36,8(13);17,5(01);24,4;32,5;26,7;20,8;25,1;0;0;0;30/14,4(24);9981A;
9;2015;173;64;1258;7;6;4;0;0;10;0;20;1;0;6;1;0;18,4(04);36;56;1015,7;1018,4(19);1009,9;995,2(16);9;199;8;5;1;0;34,0(16);13,2(25);20,8;28,3;22,5;16,6;20,7;0;0;0;32/17,5(23);9981A;46988
10;2015;151;70;1082;5,1;9;4;0;0;12;0;18;0;0;1;3;0;6,2(26);11,7;46;1015,6;1019,5(31);1009,8;1000,3(11);9;204;6;3;0;0;31,0(06);8,1(16);17,4;23,8;18,8;13,7;17,2;0;0;0;30/16,9(20);9981A;32683
11;2015;122;70;894;7;2;9;5;0;3;0;19;1;0;0;8;3;53,0(02);56;71;1023,6;1030,4(30);1017,6;999,9(21);12;268;2;2;1;1;25,9(06);4,2(30);12,5;20,2;15,3;10,3;14,4;0;0;3;29/28,3(26);9981A;28612
12;2015;106;77;375;5,2;1;3;6;0;1;0;27;0;0;0;0;0;0,0(--);0;55;1030;1032,1(09);1023,8;1015,2(13);6;153;0;0;0;0;21,8(16);2,7(03);11,7;17;11,9;6,8;11,9;0;0;4;01/9,7(13);9981A;21194
1;2016;91;61;883;4,3;6;3;0;0;5;0;22;0;0;0;5;0;3,2(04);6,6;45;1020,3;1030,1(24);1014,2;995,0(04);9;213;5;3;0;0;25,7(08);2,8(21);12,1;17,5;12,6;7,8;10,9;0;0;0;30/25,0(15);9981A;21263
2;2016;79;52;1215;6,7;4;6;0;0;9;0;19;0;0;0;14;0;12,8(26);21,4;63;1016,4;1030,9(04);1010,4;982,3(27);12;288;7;4;1;0;24,6(13);0,2(20);10,3;18,7;13,2;7,6;15,6;0;0;0;29/24,2(09);9981A;33029
3;2016;86;56;1314;6,8;7;3;5;0;10;0;21;1;0;0;16;2;22,0(14);44,1;57;1014,3;1018,1(01);1008,3;993,1(04);12;309;7;6;2;0;25,1(25);4,9(16);10,4;18,9;13,6;8,3;12,5;0;0;2;29/28,6(02);9981A;45968
4;2016;110;59;1283;8;7;8;3;0;10;0;15;1;0;0;8;2;28,6(05);71;60;1013,4;1017,6(30);1007,5;995,1(05);11;259;8;8;3;0;26,5(16);6,6(29);14;21,8;16;10,1;12,8;0;0;3;30/26,1(08);9981A;59982
5;2016;132;56;1528;8,7;6;5;1;0;13;0;20;3;0;2;8;0;21,8(09);40,6;60;1014,2;1018,1(01);1008,4;997,8(11);12;259;10;6;1;0;30,6(29);8,7(04);16,6;25;19,4;13,6;18,1;0;0;0;30/22,2(23);9981A;70152
6;2016;160;48;2062;10,9;2;6;0;0;5;0;22;3;0;23;3;0;0,8(06);2,4;72;1015,5;1019,9(18);1009,8;993,6(15);12;257;5;0;0;0;37,6(13);13,6(02);27,4;31,3;24,9;18,4;22,5;0;0;0;30/21,4(13);9981A;80347
7;2016;195;49;2360;11,9;0;15;0;0;3;0;16;2;0;31;1;0;3,0(11);3;81;1017,1;1017,9(15);1011,4;1005,8(22);12;252;1;1;0;0;37,5(31);16,7(17);30,4;34,2;27,4;20,6;23,4;0;0;0;32/15,8(13);9981A;84927
8;2016;200;53;2225;10,5;3;14;0;0;5;0;14;3;0;29;1;0;3,6(09);7;76;1018,2;1019,7(12);1012,5;1003,7(19);11;233;2;2;0;0;38,1(08);16,8(25);29,6;34,2;27,5;20,8;24;0;0;0;30/15,8(10);9981A;73218
9;2016;183;59;1605;8,3;2;6;1;0;6;0;22;2;0;15;3;0;13,8(23);33,4;67;1018;1024,0(28);1012,2;1003,6(14);10;210;6;4;1;0;41,4(05);12,3(15);22,8;31,2;24,8;18,3;23,6;0;0;1;29/18,1(14);9981A;51307
10;2016;163;69;873;5,5;6;2;3;0;9;0;23;0;0;3;0;0;5,2(12);15,6;50;1016,8;1026,0(28);1011;993,5(13);8;171;9;4;0;0;30,2(01);10,5(30);18,7;25,6;20,2;14,8;18,5;0;0;3;12/10,3(03);9981A;33741
11;2016;109;67;853;5;9;6;1;0;10;0;15;3;0;0;5;0;63,2(26);109,3;50;1015,9;1027,7(30);1009,9;994,6(23);9;210;10;6;2;1;24,8(02);4,4(16);11,8;19,2;14,5;9,8;14,2;0;0;0;32/20,6(09);9981A;23579
12;2016;99;79;406;5,7;5;10;2;0;6;0;16;0;0;0;0;0;8,8(03);25;61;1027,6;1032,7(28);1021,5;1007,8(20);11;250;6;5;0;0;19,0(23);1,3(29);7,8;14,4;10,3;6,2;12,2;0;0;1;30/13,6(20);9981A;22695
1;2017;72;61;979;5,2;7;9;2;0;8;0;15;2;1;0;8;0;33,8(20);76;54;1020,8;1025,5(07);1014,6;1002,9(10);12;269;7;6;2;1;20,8(12);-0,8(07);7,9;13,8;9,4;5;10;0;0;1;29/24,4(10);9981A;23909
2;2017;101;68;778;5,9;6;5;3;0;8;0;17;0;0;0;7;3;5,6(13);11,4;55;1018,7;1027,9(15);1012,7;1000,7(05);10;237;6;3;0;0;22,1(27);3,9(26);12,2;18,2;12,8;7,4;12,9;0;0;2;26/31,7(05);9981A;29609
3;2017;106;62;1104;8,6;3;7;4;0;9;0;21;2;0;1;6;0;14,8(03);43,4;72;1018,7;1023,9(14);1012,7;988,9(03);9;212;7;6;2;0;30,0(09);4,3(17);14,6;22,2;15,1;7,9;13,4;0;0;4;30/25,0(04);9981A;53425
4;2017;107;55;1373;9,9;3;12;1;0;6;0;15;0;0;1;4;0;7,6(26);13,2;75;1018,5;1023,5(21);1012,6;1000,0(26);11;237;5;3;0;0;31,6(14);4,2(21);16,3;23,9;16,6;9,3;14,1;0;0;1;30/23,1(02);9981A;66061
5;2017;145;54;1692;9,7;1;6;0;0;5;0;24;3;0;10;1;0;7,8(10);14,6;67;1016,4;1022,1(15);1010,6;993,1(11);11;226;3;2;0;0;33,5(25);7,7(02);21,5;28;21,2;14,4;19,2;0;0;0;30/18,9(18);9981A;78623
6;2017;193;54;1941;10,4;1;7;0;0;7;0;22;4;0;22;0;0;6,0(04);13;69;1015,3;1016,4(07);1009,6;997,0(28);11;242;5;3;0;0;38,1(17);13,5(06);23,3;32,5;26;19,5;22,8;0;0;0;29/15,0(29);9981A;78719
7;2017;217;57;1861;10,1;2;10;0;0;5;0;19;2;0;29;4;0;13,6(23);25,4;68;1015,5;1017,8(02);1009,8;1003,0(31);13;255;2;2;2;0;36,4(27);17,5(02);27,9;33,1;27,1;21;24,3;0;0;0;31/17,5(24);9981A;76989
8;2017;215;58;1791;8,9;4;8;0;0;9;0;19;2;0;29;1;0;6,6(31);12,6;65;1016,6;1016,9(10);1010,9;1003,4(08);11;243;5;2;0;0;40,7(03);16,3(12);29,1;33,3;27,3;21,3;25,5;0;0;0;28/15,6(10);9981A;65488
9;2017;159;56;1623;8,4;4;5;0;0;8;0;21;1;0;12;5;0;4,2(15);11,2;67;1017,2;1018,1(28);1011,4;998,6(09);10;235;5;3;0;0;34,5(11);12,0(15);21,1;29,6;23,4;17,2;21,6;0;0;0;30/20,0(10);9981A;52762
10;2017;157;64;1266;7,9;4;12;0;0;2;0;15;1;0;3;6;0;31,8(18);32;71;1021,5;1021,8(15);1015,6;1002,6(18);9;219;2;1;1;1;31,0(05);10,2(24);19,8;27,4;21,2;15;19,6;0;0;0;28/17,5(29);9981A;43107
11;2017;91;55;1205;7,4;1;13;1;0;1;0;16;1;0;0;12;2;8,4(04);8,4;75;1018,8;1024,8(27);1012,8;999,9(29);11;278;1;1;0;0;24,8(24);3,5(22);14;20;14,3;8,6;15,3;0;0;1;30/26,7(12);9981A;31403
12;2017;73;54;1102;5,5;1;10;0;0;6;0;20;0;0;0;12;2;1,0(11);1,9;60;1021,8;1031,1(05);1015,7;982,6(11);13;279;4;1;0;0;23,7(30);1,4(06);11;16,3;11;5,7;10,7;0;0;0;30/28,6(16);9981A;22600
1;2018;84;56;1250;6;2;6;1;0;6;0;23;0;0;0;14;2;4,2(06);6,7;62;1020,5;1031,9(28);1014,4;988,4(06);12;295;4;2;0;0;23,8(04);1,6(09);10,5;18,2;13,3;8,3;18,5;0;0;0;28/26,4(21);9981A;25859
2;2018;72;59;958;5,1;8;5;0;0;10;1;15;0;1;0;11;0;20,4(27);44,8;48;1012,9;1018,8(15);1006,9;990,8(28);12;294;7;5;1;0;23,7(15);0,0(09);5,6;14,8;10,3;5,7;11,4;0;0;0;30/23,3(03);9981A;26515
3;2018;83;54;1303;6,5;6;1;2;0;18;0;24;0;0;0;16;2;7,6(30);24,8;54;1006,2;1017,2(21);1000,3;981,5(01);13;284;12;6;0;0;29,2(28);4,9(22);12,9;19,6;13,9;8,1;12,5;0;0;0;28/27,8(20);9981A;39743
4;2018;115;59;1156;7,3;8;2;1;1;14;0;20;3;0;1;1;0;18,6(07);51,4;54;1013;1020,1(18);1007,1;984,2(11);10;210;9;7;2;0;31,2(25);6,2(10);14,2;23,4;17,1;10,8;16;0;0;2;10/15,6(07);9981A;
5;2018;139;57;1484;7,9;6;1;1;0;15;0;24;4;0;0;7;0;7,4(28);28,8;55;1014,3;1013,5(13);1008,4;1001,9(09);12;239;11;8;0;0;29,3(22);6,9(02);22;26,1;20;13,9;18,3;0;0;1;31/19,2(12);9981A;
6;2018;173;52;1966;10;3;6;0;0;9;0;21;5;0;18;3;0;2,4(03);8;66;1014,4;1016,0(19);1008,6;1002,6(10);11;230;7;3;0;0;36,5(22);15,3(07);25,2;31;24,9;18,8;21,5;0;0;0;29/19,2(12);9981A;74545
7;2018;222;56;1907;11,6;0;10;0;0;6;0;21;4;0;30;2;0;13,0(09);34,4;78;1014,3;1014,7(06);1008,6;1002,4(01);11;228;5;5;2;0;37,7(08);18,0(23);29,3;34,6;28,1;21,5;23,6;0;0;0;28/22,2(16);9981A;82474
8;2018;205;53;1997;10,1;1;9;0;1;5;0;21;4;0;31;2;0;36,9(09);53,7;73;1016;1018,1(10);1010,3;1004,5(07);12;245;4;3;2;1;42,3(04);17,9(19);30,4;35,2;28,5;21,8;26,8;0;0;0;35/18,6(25);9981A;69048
9;2018;203;65;1274;8,3;5;7;1;0;10;0;18;5;0;24;0;0;39,0(05);59,3;66;1018,9;1025,7(26);1013,1;1004,4(03);9;190;8;5;1;1;35,0(21);14,4(28);23,5;31,2;25,2;19;22,1;0;0;1;30/15,0(24);9981A;51573
10;2018;140;65;1058;7,1;5;6;0;0;11;0;20;4;0;2;4;0;85,9(19);230;64;1014,3;1021,2(23);1008,4;987,8(29);11;242;9;8;4;3;30,8(03);7,1(30);14,1;24,2;18,8;13,4;18,3;0;0;0;28/25,0(29);9981A;39354
11;2018;120;76;561;4,5;6;2;1;0;15;0;22;2;0;0;4;0;57,6(15);128,3;45;1014,9;1020,9(13);1008,9;993,8(20);8;182;15;10;3;1;23,8(11);4,5(29);12,8;18;13,7;9,3;14,3;0;0;0;28/22,8(26);9981A;
12;2018;97;68;745;6,5;2;6;0;0;4;0;23;0;0;0;7;0;6,4(13);7;70;1024,5;1025,7(23);1018,4;996,7(13);9;213;2;1;0;0;22,6(04);1,9(18);11,5;17,4;12,2;6,9;11,4;0;0;0;31/20,8(08);9981A;
1;2019;68;53;1242;6,9;2;10;0;0;6;0;19;1;0;0;14;2;3,6(29);4,6;72;1018;1027,5(04);1011,9;989,3(31);15;344;4;1;0;0;20,0(26);1,1(04);10,9;15,3;10,8;6,2;11,8;0;0;0;28/27,5(23);9981A;28117
2;2019;85;62;857;8,9;0;15;1;1;1;0;13;1;1;0;4;1;3,6(01);3,8;83;1024,3;1029,8(14);1018,2;983,6(01);10;220;2;1;0;0;27,2(27);-0,1(17);11,5;19,4;12,1;4,7;10,2;0;0;1;30/30,0(02);9981A;37888
3;2019;81;49;1445;9,4;3;8;2;0;2;0;20;0;0;0;8;0;4,2(31);4,6;79;1022,4;1025,2(09);1016,4;998,7(06);10;241;2;1;0;0;28,6(10);4,4(12);15,4;22,6;15,3;8;15,7;0;0;2;30/24,2(13);9981A;57300
4;2019;102;55;1309;6,9;9;2;1;0;13;0;19;2;0;0;6;0;6,2(20);17,7;52;1012,7;1020,0(27);1006,8;990,4(23);11;246;10;5;0;0;28,9(14);6,3(04);15,8;21,9;16,2;10,4;14,7;0;0;0;22/17,5(06);9981A;53876
5;2019;112;47;1921;9,5;4;6;0;0;10;0;21;0;0;0;8;0;19,4(24);31,6;66;1014,8;1019,4(30);1009;994,9(17);13;285;5;3;1;0;29,6(10);10,3(06);16,9;25,8;19,6;13,3;16,3;0;0;0;28/19,2(05);9981A;74829
6;2019;151;47;2071;10,8;2;10;0;0;4;0;18;0;0;19;1;0;1,4(05);1,4;71;1015,1;1017,9(08);1009,4;1000,2(05);11;242;1;1;0;0;42,4(29);12,3(12);19,9;30,8;24;17,1;22,5;0;0;0;30/20,6(05);9981A;78919
7;2019;199;49;2212;11,3;2;15;0;0;6;0;14;6;0;30;6;0;23,2(08);25,8;77;1013,7;1016,1(22);1008;996,8(27);12;252;6;2;1;0;39,8(07);16,7(09);29,6;35,1;28,3;21,5;23,4;0;0;0;29/24,2(27);9981A;78674
8;2019;213;57;1790;9,9;3;12;0;0;6;0;16;2;0;29;0;0;16,8(27);49,4;72;1015,5;1016,1(20);1009,8;1003,2(07);10;212;6;5;3;0;39,2(09);17,9(28);24,9;34;27,5;21;25,3;0;0;0;29/12,2(13);9981A;68966
9;2019;179;59;1412;8,6;4;5;0;0;9;0;21;2;0;23;3;0;15,0(13);37,8;69;1017,7;1024,2(13);1012;1002,0(10);10;213;8;4;2;0;33,9(17);13,9(11);24;30,8;24,4;18;22,5;0;0;0;29/17,5(05);9981A;54503
10;2019;151;64;1131;7,3;4;6;1;0;4;0;21;1;0;4;5;0;78,6(22);82,8;66;1016;1017,3(10);1010,1;997,2(22);9;211;4;3;1;1;30,7(01);10,7(26);15,3;26,2;20,5;14,7;21,3;0;0;0;32/19,7(15);9981A;40267
11;2019;96;58;1119;5,8;0;3;0;0;9;0;27;1;0;0;13;2;4,0(13);11,2;58;1009;1015,3(30);1003,1;984,0(23);12;283;7;4;0;0;28,3(02);2,6(20);12,3;19;14,4;9,8;17,1;0;0;0;33/28,3(23);9981A;26497
12;2019;99;67;845;4,9;8;6;0;0;9;0;17;0;0;0;9;4;31,4(04);48,8;53;1018,2;1029,3(30);1012,2;990,9(21);11;263;7;4;1;1;23,3(24);2,8(28);9,9;17,1;12,8;8,3;17,4;0;0;0;30/30,0(13);9981A;20063
1;2020;88;73;474;5,7;6;7;1;2;4;0;18;2;2;0;2;0;137,2(21);241,2;60;1025,5;1028,7(01);1019,3;1011,5(21);9;197;6;5;4;2;22,8(31);-0,9(13);7,2;15,3;9,8;4,3;10,3;0;0;2;10/21,7(21);9981A;23559
2;2020;106;65;886;7,6;5;7;1;0;1;0;17;0;0;0;3;0;0,4(12);0,4;71;1024,8;1028,6(23);1018,7;1002,5(29);8;192;1;0;0;0;25,6(03);2,3(06);15,6;21,1;14,6;8,2;14,5;0;0;1;35/21,1(04);9981A;35256
3;2020;102;65;1027;5,9;12;1;1;0;12;0;18;1;0;0;11;1;13,6(31);55,4;50;1016,8;1024,0(17);1010,8;988,5(02);11;248;11;8;1;0;26,0(11);5,1(31);8,4;19;14,2;9,3;13,4;0;0;1;29/25,6(06);9981A;39355
4;2020;137;74;716;5,5;15;1;0;0;14;0;14;1;0;0;1;0;41,6(01);108,2;41;1015,8;1021,2(07);1009,9;997,7(21);8;186;12;9;5;1;25,9(30);4,9(04);11,4;21,6;16,2;10,9;15,2;0;0;0;07/15,3(01);9981A;47301
5;2020;167;61;1241;9,1;5;6;0;0;9;0;20;3;0;9;2;0;23,4(10);69,4;63;1016,3;1022,9(24);1010,5;996,3(10);10;207;9;7;3;0;32,7(22);12,8(11);17,6;27,8;21,7;15,7;19,3;0;0;0;28/16,4(01);9981A;71581
6;2020;186;62;1287;8,9;3;4;1;1;5;0;23;5;0;10;3;0;40,0(03);80,8;59;1014,1;1016,1(22);1008,3;995,3(12);11;224;6;4;2;2;33,6(22);13,4(14);23,6;28,9;23,2;17,5;22,6;0;0;0;29/18,9(04);9981A;71322
7;2020;208;53;2069;11,4;0;14;0;0;2;0;17;2;0;31;0;0;1,8(02);1,8;77;1015,8;1015,9(04);1010,2;1003,9(01);11;224;1;1;0;0;38,1(23);18,5(05);31,5;34,4;27,7;21,1;24,7;0;0;0;28/11,9(15);9981A;82025
8;2020;213;54;2051;10,3;0;9;0;0;5;0;22;3;0;29;5;0;4,0(12);4,8;75;1013,5;1015,0(23);1007,8;996,9(28);11;228;4;1;0;0;38,2(01);16,8(31);28,3;34,6;28;21,4;24;0;0;0;34/20,3(12);9981A;71149
9;2020;166;56;1707;8,6;2;8;0;0;4;0;20;2;0;20;5;1;4,0(24);8,4;69;1016,7;1019,1(04);1010,9;998,7(27);10;229;4;2;0;0;35,9(13);12,7(30);23,2;30,9;24,1;17,4;21,1;0;0;0;32/27,5(27);9981A;53722
10;2020;118;55;1444;7,8;2;6;0;0;2;0;23;0;0;1;8;0;4,8(02);5,6;71;1016,3;1020,9(29);1010,4;984,9(02);11;247;2;1;0;0;31,4(01);7,3(18);17,8;24,7;18,7;12,8;18,3;0;0;0;30/21,4(14);9981A;41181
11;2020;131;77;512;5,7;7;7;2;1;7;0;16;3;0;0;5;0;98,4(05);156,6;58;1022,4;1024,6(21);1016,4;998,5(28);8;178;8;6;2;2;28,0(01);3,2(22);14;20,2;15;9,7;16,3;0;0;0;30/21,7(20);9981A;24708
12;2020;85;63;942;5,7;2;3;1;1;8;0;26;1;0;0;12;1;4,4(11);13,8;61;1013,2;1022,7(21);1007,2;985,6(28);12;275;8;4;0;0;19,1(13);1,6(27);11,6;15,5;11,2;7;13,5;0;0;1;30/28,9(25);9981A;22144
