"","Year2","spp","model","fit","se","upper","lower"
"1",1965,"Anguilla anguilla","modS_fit",9755.52110152985,0.256851281726998,16306.0459304476,5836.49723350079
"2",1966,"Anguilla anguilla","modS_fit",9369.95279386321,0.242069658877143,15205.3505531021,5774.02112845817
"3",1967,"Anguilla anguilla","modS_fit",9016.91230870793,0.22683520790714,14193.3333955042,5728.3729845085
"4",1968,"Anguilla anguilla","modS_fit",8689.30785969645,0.211860809489546,13274.1018445524,5688.07381205749
"5",1969,"Anguilla anguilla","modS_fit",8369.8151764985,0.198424913970861,12447.0249004922,5628.15665982754
"6",1970,"Anguilla anguilla","modS_fit",8047.78126997342,0.186955170854112,11696.7003014747,5537.18413740747
"7",1971,"Anguilla anguilla","modS_fit",7716.20399518206,0.17777934281979,11010.8507485244,5407.37545672779
"8",1972,"Anguilla anguilla","modS_fit",7370.95648792271,0.170911586820286,10374.7052148429,5236.87164326555
"9",1973,"Anguilla anguilla","modS_fit",7012.6314392365,0.166181770256846,9777.42888950283,5029.64534524667
"10",1974,"Anguilla anguilla","modS_fit",6641.5661982158,0.163340762042944,9207.60094834881,4790.65087776126
"11",1975,"Anguilla anguilla","modS_fit",6257.75764846761,0.161929750367771,8651.05620883583,4526.56066977798
"12",1976,"Anguilla anguilla","modS_fit",5864.28493315068,0.161619488652889,8102.06956541815,4244.57448797567
"13",1977,"Anguilla anguilla","modS_fit",5464.80143978462,0.162146724225651,7558.11058511667,3951.2593048162
"14",1978,"Anguilla anguilla","modS_fit",5063.28960891658,0.163172703887985,7017.18261213686,3653.44655836963
"15",1979,"Anguilla anguilla","modS_fit",4667.28674541316,0.164546629333519,6486.16316983033,3358.46709272336
"16",1980,"Anguilla anguilla","modS_fit",4285.77929446149,0.166181773253876,5975.48907310572,3073.87461279186
"17",1981,"Anguilla anguilla","modS_fit",3926.22791599214,0.167919045629153,5493.23446846436,2806.22750345215
"18",1982,"Anguilla anguilla","modS_fit",3594.99471123409,0.169712094386555,5047.87169944756,2560.28436206402
"19",1983,"Anguilla anguilla","modS_fit",3296.47761970512,0.171520700231164,4645.48560734887,2339.20963613065
"20",1984,"Anguilla anguilla","modS_fit",3032.1851325038,0.173210557091921,4287.5035463675,2144.40561467678
"21",1985,"Anguilla anguilla","modS_fit",2801.96721410538,0.17469689970562,3973.77111308427,1975.71023732865
"22",1986,"Anguilla anguilla","modS_fit",2604.27693317176,0.175868230198677,3702.06779935241,1832.01894515193
"23",1987,"Anguilla anguilla","modS_fit",2436.30821853098,0.176310529941626,3466.35957082946,1712.34334303676
"24",1988,"Anguilla anguilla","modS_fit",2295.60705334423,0.176310542050105,3266.17117341807,1613.45240759347
"25",1989,"Anguilla anguilla","modS_fit",2180.18785230471,0.175868267551805,3099.21104960831,1533.68679810875
"26",1990,"Anguilla anguilla","modS_fit",2088.40954852907,0.17469696510421,2961.79861774422,1472.56954482246
"27",1991,"Anguilla anguilla","modS_fit",2018.57581507537,0.173210653225842,2854.26260322437,1427.56602584646
"28",1992,"Anguilla anguilla","modS_fit",1968.59369143134,0.171520831806635,2774.19631552518,1396.93110406631
"29",1993,"Anguilla anguilla","modS_fit",1936.60995687466,0.169712266990634,2719.27019483495,1379.21495708289
"30",1994,"Anguilla anguilla","modS_fit",1920.93587370571,0.167919261766461,2687.60651199014,1372.9668440776
"31",1995,"Anguilla anguilla","modS_fit",1919.42013061646,0.166182035335341,2676.17141272172,1376.65831878416
"32",1996,"Anguilla anguilla","modS_fit",1929.75413014947,0.164546937346204,2681.79534688148,1388.60372293483
"33",1997,"Anguilla anguilla","modS_fit",1949.81890567532,0.163173049485972,2702.24416054239,1406.90238892617
"34",1998,"Anguilla anguilla","modS_fit",1977.62265410372,0.162147094800629,2735.15917423282,1429.89534169296
"35",1999,"Anguilla anguilla","modS_fit",2011.51530465567,0.161619866111052,2779.10255371464,1455.93541175935
"36",2000,"Anguilla anguilla","modS_fit",2049.93987189937,0.161930104899206,2833.94765783333,1482.82677938222
"37",2001,"Anguilla anguilla","modS_fit",2091.42900955787,0.163341062302054,2899.47502159831,1508.57492112798
"38",2002,"Anguilla anguilla","modS_fit",2136.06984287085,0.166181989202578,2978.23724491059,1532.04530009136
"39",2003,"Anguilla anguilla","modS_fit",2185.52024333256,0.170911704046835,3076.14535763693,1552.75456088515
"40",2004,"Anguilla anguilla","modS_fit",2240.98890974169,0.177779365664676,3197.84126457454,1570.44420847868
"41",2005,"Anguilla anguilla","modS_fit",2303.35122682437,0.186955145477334,3347.70624573713,1584.79462792444
"42",2006,"Anguilla anguilla","modS_fit",2373.85161956996,0.198424937090662,3530.23226463667,1596.26083761797
"43",2007,"Anguilla anguilla","modS_fit",2452.52132988035,0.211861041360211,3746.56227302975,1605.43464519916
"44",2008,"Anguilla anguilla","modS_fit",2539.32723204793,0.226835875171043,3997.10731004588,1613.21232862927
"45",2009,"Anguilla anguilla","modS_fit",2636.707642217,0.242071097145553,4278.80270204511,1624.80667482111
"46",2010,"Anguilla anguilla","modS_fit",2744.90305882806,0.25685391143979,4588.04304667612,1642.2018550637
"47",1965,"Dicentrarchus labrax","modS_fit",1465.43770407681,0.256851281726998,2449.43291723687,876.736672156939
"48",1966,"Dicentrarchus labrax","modS_fit",1473.66508597971,0.242069658877143,2391.43085596595,908.112722647958
"49",1967,"Dicentrarchus labrax","modS_fit",1487.57134359446,0.22683520790714,2341.55499203915,945.042294461059
"50",1968,"Dicentrarchus labrax","modS_fit",1507.79029434521,0.211860809489546,2303.35514065503,987.008703779434
"51",1969,"Dicentrarchus labrax","modS_fit",1532.44183108276,0.198424913970861,2278.94418548234,1030.46752114961
"52",1970,"Dicentrarchus labrax","modS_fit",1561.02581005012,0.186955170854112,2268.80558137775,1074.04600889727
"53",1971,"Dicentrarchus labrax","modS_fit",1592.89877589414,0.177779342819789,2273.03097349796,1116.27449860059
"54",1972,"Dicentrarchus labrax","modS_fit",1626.7365976577,0.170911586820286,2289.65029037247,1155.75377134491
"55",1973,"Dicentrarchus labrax","modS_fit",1661.64597085477,0.166181770256846,2316.76589028472,1191.77658132672
"56",1974,"Dicentrarchus labrax","modS_fit",1695.55128703842,0.163340762042944,2350.64428668994,1223.02391019184
"57",1975,"Dicentrarchus labrax","modS_fit",1724.62143777726,0.161929750367771,2384.20818371384,1247.50813454883
"58",1976,"Dicentrarchus labrax","modS_fit",1745.36929323474,0.161619488652889,2411.39432894763,1263.29979845984
"59",1977,"Dicentrarchus labrax","modS_fit",1755.32198280961,0.162146724225651,2427.70351397877,1269.1645604965
"60",1978,"Dicentrarchus labrax","modS_fit",1753.36363620562,0.163172703887985,2429.97611652868,1265.14989997512
"61",1979,"Dicentrarchus labrax","modS_fit",1740.91038266981,0.164546629333519,2419.35613172799,1252.71716748987
"62",1980,"Dicentrarchus labrax","modS_fit",1721.0396321135,0.166181773253876,2399.57608861618,1234.3752837667
"63",1981,"Dicentrarchus labrax","modS_fit",1697.0381571271,0.167919045629153,2374.347261161,1212.93904807215
"64",1982,"Dicentrarchus labrax","modS_fit",1672.26775786223,0.169712094386555,2348.09610774465,1190.95613027168
"65",1983,"Dicentrarchus labrax","modS_fit",1649.43967057376,0.171520700231164,2324.43508915013,1170.45695944007
"66",1984,"Dicentrarchus labrax","modS_fit",1630.22349831484,0.17321055709192,2305.13267658723,1152.9178695226
"67",1985,"Dicentrarchus labrax","modS_fit",1616.14569901813,0.17469689970562,2292.03006407915,1139.56922354078
"68",1986,"Dicentrarchus labrax","modS_fit",1608.29610170218,0.175868230198677,2286.24733955779,1131.38080294092
"69",1987,"Dicentrarchus labrax","modS_fit",1606.53285217475,0.176310529941626,2285.76191043091,1129.14113816437
"70",1988,"Dicentrarchus labrax","modS_fit",1610.15504954025,0.176310542050105,2290.91559893953,1131.68694855458
"71",1989,"Dicentrarchus labrax","modS_fit",1618.42855577874,0.175868267551805,2300.65113782226,1138.50854964453
"72",1990,"Dicentrarchus labrax","modS_fit",1630.5573221649,0.17469696510421,2312.46903958192,1149.73093060146
"73",1991,"Dicentrarchus labrax","modS_fit",1645.40476149736,0.173210653225842,2326.59939886077,1163.6540568539
"74",1992,"Dicentrarchus labrax","modS_fit",1661.74248805587,0.171520831806636,2341.7731692335,1179.18683708976
"75",1993,"Dicentrarchus labrax","modS_fit",1677.98021194992,0.169712266990634,2356.11799974525,1195.02401492622
"76",1994,"Dicentrarchus labrax","modS_fit",1692.21114992974,0.167919261766461,2367.59475861101,1209.48847581775
"77",1995,"Dicentrarchus labrax","modS_fit",1703.46116417844,0.166182035335341,2375.06838525856,1221.76689979741
"78",1996,"Dicentrarchus labrax","modS_fit",1712.19229132366,0.164546937346204,2379.44785198231,1232.05156188897
"79",1997,"Dicentrarchus labrax","modS_fit",1719.2904447804,0.163173049485971,2382.75593244135,1240.56332974252
"80",1998,"Dicentrarchus labrax","modS_fit",1725.3058000143,0.162147094800629,2386.1913077674,1247.46079405849
"81",1999,"Dicentrarchus labrax","modS_fit",1730.50643146691,0.161619866111052,2390.86167118801,1252.5411007406
"82",2000,"Dicentrarchus labrax","modS_fit",1735.18349764106,0.161930104899206,2398.81143659824,1255.14733027769
"83",2001,"Dicentrarchus labrax","modS_fit",1739.80826960159,0.163341062302054,2412.00184038109,1254.94631235266
"84",2002,"Dicentrarchus labrax","modS_fit",1744.62846248892,0.166181989202577,2432.4660932118,1251.29327829913
"85",2003,"Dicentrarchus labrax","modS_fit",1749.42230064462,0.170911704046835,2462.33239206633,1242.91846050258
"86",2004,"Dicentrarchus labrax","modS_fit",1753.9097654906,0.177779365664676,2502.79017359019,1229.10801630268
"87",2005,"Dicentrarchus labrax","modS_fit",1757.67618863091,0.186955145477334,2554.61845598584,1209.34912093864
"88",2006,"Dicentrarchus labrax","modS_fit",1759.98602843578,0.198424937090662,2617.33269749155,1183.47614854536
"89",2007,"Dicentrarchus labrax","modS_fit",1760.3915363632,0.211861041360211,2689.23920682925,1152.36247985282
"90",2008,"Dicentrarchus labrax","modS_fit",1758.46819704629,0.226835875171043,2767.97176676923,1117.13942936363
"91",2009,"Dicentrarchus labrax","modS_fit",1753.32233884599,0.242071097145553,2845.26059730397,1080.44206102221
"92",2010,"Dicentrarchus labrax","modS_fit",1745.43465504533,0.25685391143979,2917.45433659407,1044.24672455708
"93",1965,"Mullet ind.","modS_fit",33560.8938645804,0.256851281726998,56095.9759224861,20078.6879712371
"94",1966,"Mullet ind.","modS_fit",31528.3536327041,0.242069658877144,51163.5095601996,19428.6336362296
"95",1967,"Mullet ind.","modS_fit",29556.4029708085,0.226835207907141,46524.1167901155,18776.9487492651
"96",1968,"Mullet ind.","modS_fit",27618.5602100735,0.211860809489547,42191.1142921832,18079.2776126981
"97",1969,"Mullet ind.","modS_fit",25703.8171865593,0.198424913970861,38224.9841617947,17284.1462841051
"98",1970,"Mullet ind.","modS_fit",23792.4101265819,0.186955170854112,34580.0514905546,16370.0964929477
"99",1971,"Mullet ind.","modS_fit",21881.069070286,0.17777934281979,31223.7968179052,15333.8553427965
"100",1972,"Mullet ind.","modS_fit",19991.5556166209,0.170911586820287,28138.3422420704,14203.4769686929
"101",1973,"Mullet ind.","modS_fit",18152.4615787183,0.166181770256847,25309.2442962715,13019.4271116735
"102",1974,"Mullet ind.","modS_fit",16391.2873146351,0.163340762042944,22724.2231905235,11823.2556324725
"103",1975,"Mullet ind.","modS_fit",14732.6916239847,0.161929750367771,20367.254615197,10656.9199721928
"104",1976,"Mullet ind.","modS_fit",13195.5969210958,0.161619488652889,18230.9770808657,9550.98442237551
"105",1977,"Mullet ind.","modS_fit",11793.0543600736,0.162146724225652,16310.4204190887,8526.8268730145
"106",1978,"Mullet ind.","modS_fit",10531.4162262741,0.163172703887985,14595.4263990837,7599.00565412694
"107",1979,"Mullet ind.","modS_fit",9410.47605428675,0.164546629333519,13077.808697713,6771.5518413869
"108",1980,"Mullet ind.","modS_fit",8425.49200159371,0.166181773253876,11747.3233995333,6042.98639396782
"109",1981,"Mullet ind.","modS_fit",7567.06645471734,0.167919045629153,10587.1770981257,5408.47614046673
"110",1982,"Mullet ind.","modS_fit",6822.28368382333,0.169712094386556,9579.43349000165,4858.69594597018
"111",1983,"Mullet ind.","modS_fit",6178.1323272527,0.171520700231164,8706.39152378551,4384.05726973889
"112",1984,"Mullet ind.","modS_fit",5622.20834253764,0.173210557091921,7949.79104298372,3976.10785943831
"113",1985,"Mullet ind.","modS_fit",5142.69387003552,0.17469689970562,7293.4073751136,3626.19265326434
"114",1986,"Mullet ind.","modS_fit",4729.73220322757,0.175868230198677,6723.47439940025,3327.20337512453
"115",1987,"Mullet ind.","modS_fit",4374.80101162366,0.176310529941626,6224.43139245327,3074.80036080213
"116",1988,"Mullet ind.","modS_fit",4069.67482396027,0.176310542050105,5790.30046794821,2860.34434041122
"117",1989,"Mullet ind.","modS_fit",3807.29744952507,0.175868267551805,5412.20258256191,2678.30216035605
"118",1990,"Mullet ind.","modS_fit",3582.19221172886,0.17469696510421,5080.29277526786,2525.85856945899
"119",1991,"Mullet ind.","modS_fit",3390.54044834997,0.173210653225842,4794.21814834515,2397.83926725681
"120",1992,"Mullet ind.","modS_fit",3227.17395486289,0.171520831806636,4547.82220125373,2290.03054078815
"121",1993,"Mullet ind.","modS_fit",3087.50783564846,0.169712266990635,4335.29116381675,2198.86145473979
"122",1994,"Mullet ind.","modS_fit",2967.34830544017,0.167919261766462,4151.65583516283,2120.87810632629
"123",1995,"Mullet ind.","modS_fit",2861.18216986076,0.166182035335342,3989.23289770399,2052.11468446498
"124",1996,"Mullet ind.","modS_fit",2765.79607809996,0.164546937346204,3843.64978770485,1990.19899526303
"125",1997,"Mullet ind.","modS_fit",2680.37253284136,0.163173049485972,3714.71473779775,1934.037314281
"126",1998,"Mullet ind.","modS_fit",2602.06724008171,0.162147094800629,3598.79983621328,1881.39219463529
"127",1999,"Mullet ind.","modS_fit",2528.39816881481,0.161619866111052,3493.22612236525,1830.05539181573
"128",2000,"Mullet ind.","modS_fit",2460.61433927168,0.161930104899206,3401.68623441089,1779.8887108934
"129",2001,"Mullet ind.","modS_fit",2401.38355040406,0.163341062302055,3329.18382113556,1732.14915906453
"130",2002,"Mullet ind.","modS_fit",2354.79191297769,0.166181989202578,3283.19273016787,1688.91850377044
"131",2003,"Mullet ind.","modS_fit",2326.10798437485,0.170911704046835,3274.0242508969,1652.63844746727
"132",2004,"Mullet ind.","modS_fit",2317.84891529569,0.177779365664676,3307.51878073162,1624.30630037089
"133",2005,"Mullet ind.","modS_fit",2331.94820591187,0.186955145477334,3389.26928848352,1604.47045430513
"134",2006,"Mullet ind.","modS_fit",2372.62018011937,0.198424937090661,3528.40095081546,1595.43277467054
"135",2007,"Mullet ind.","modS_fit",2441.02654207955,0.211861041360211,3729.00241013019,1597.91009063167
"136",2008,"Mullet ind.","modS_fit",2537.58604140907,0.226835875171044,3994.36653455901,1612.10616548115
"137",2009,"Mullet ind.","modS_fit",2669.18440933908,0.242071097145553,4331.50542747841,1644.81968921515
"138",2010,"Mullet ind.","modS_fit",2834.71274533285,0.256853911439791,4738.15789549282,1695.93258092905
"139",1965,"Sparus aurata","modS_fit",383.781892348719,0.25896605995796,644.198251363131,228.638529494763
"140",1966,"Sparus aurata","modS_fit",397.796529285606,0.244500268650918,648.68107036196,243.944344827846
"141",1967,"Sparus aurata","modS_fit",411.155917780903,0.229732814747484,650.953449852476,259.69474278778
"142",1968,"Sparus aurata","modS_fit",423.531921901904,0.215428191699059,651.635444298602,275.275524742209
"143",1969,"Sparus aurata","modS_fit",435.164506746788,0.202854842216547,652.906426048338,290.038725883447
"144",1970,"Sparus aurata","modS_fit",446.289061347897,0.192441317741758,655.79582438277,303.713318800478
"145",1971,"Sparus aurata","modS_fit",457.533598426376,0.18448021533934,661.698988170856,316.362874103316
"146",1972,"Sparus aurata","modS_fit",469.961343434518,0.17888216288921,672.105128218101,328.614758391051
"147",1973,"Sparus aurata","modS_fit",484.470999295024,0.175349927612688,687.978390159722,341.162095372543
"148",1974,"Sparus aurata","modS_fit",501.660862752461,0.173477221432108,709.725845272726,354.592724632759
"149",1975,"Sparus aurata","modS_fit",521.910746026954,0.172611455571193,737.097001179284,369.545428054397
"150",1976,"Sparus aurata","modS_fit",545.330613480063,0.172280077335444,769.662722104821,386.384151729828
"151",1977,"Sparus aurata","modS_fit",571.981678714282,0.172233529692526,807.202059163922,405.305012630511
"152",1978,"Sparus aurata","modS_fit",602.093498626333,0.172287119477259,849.788067069419,426.596459912968
"153",1979,"Sparus aurata","modS_fit",636.08290886672,0.172472827479604,898.093847119703,450.511344944578
"154",1980,"Sparus aurata","modS_fit",674.741003041087,0.172848458510982,953.391698109251,477.53239522411
"155",1981,"Sparus aurata","modS_fit",719.169128739333,0.173357884658209,1017.20335021458,508.457070675779
"156",1982,"Sparus aurata","modS_fit",770.280145013278,0.174027205636224,1090.95494133386,543.864351607626
"157",1983,"Sparus aurata","modS_fit",828.656523537996,0.174857280867894,1175.58397693815,584.111086466606
"158",1984,"Sparus aurata","modS_fit",894.605207226403,0.175725986551801,1271.3498446593,629.50294929329
"159",1985,"Sparus aurata","modS_fit",967.953630009041,0.176546889301217,1377.84775356967,679.998372403853
"160",1986,"Sparus aurata","modS_fit",1048.27442049193,0.177196636466707,1494.12189962443,735.468278012598
"161",1987,"Sparus aurata","modS_fit",1135.26192399059,0.177240810518412,1618.24950957188,796.428256853786
"162",1988,"Sparus aurata","modS_fit",1228.35856894589,0.176942133325523,1749.90770756355,862.253916238612
"163",1989,"Sparus aurata","modS_fit",1326.65820966255,0.176282125985567,1887.45131409766,932.48604195465
"164",1990,"Sparus aurata","modS_fit",1428.67747745344,0.174957738795157,2027.21849302679,1006.85710080277
"165",1991,"Sparus aurata","modS_fit",1531.48279552315,0.173366735306815,2166.19004347252,1082.74874591499
"166",1992,"Sparus aurata","modS_fit",1630.66793056953,0.171608285801167,2298.38401964679,1156.93368778145
"167",1993,"Sparus aurata","modS_fit",1720.85886627633,0.169757093070427,2416.54224294568,1225.45146739586
"168",1994,"Sparus aurata","modS_fit",1795.65731340992,0.167939272368018,2512.42818768128,1283.37406936128
"169",1995,"Sparus aurata","modS_fit",1847.86999235711,0.166189057017008,2576.4480725482,1325.32207617003
"170",1996,"Sparus aurata","modS_fit",1872.10866761684,0.164548431576147,2601.69274372969,1347.11943668712
"171",1997,"Sparus aurata","modS_fit",1867.81014449049,0.163173415186347,2588.59052645619,1347.72753751736
"172",1998,"Sparus aurata","modS_fit",1839.13391190978,0.162148810525896,2543.63047606778,1329.7582246166
"173",1999,"Sparus aurata","modS_fit",1792.27804599328,0.161624258886259,2476.22687404546,1297.24001779432
"174",2000,"Sparus aurata","modS_fit",1732.79656489301,0.161937985359971,2395.54936754536,1253.40098433524
"175",2001,"Sparus aurata","modS_fit",1664.99777129871,0.163353085599562,2308.34301142433,1200.95564857977
"176",2002,"Sparus aurata","modS_fit",1593.16809621908,0.166198861077211,2221.36588302159,1142.62337519913
"177",2003,"Sparus aurata","modS_fit",1521.42272277879,0.170934510813227,2141.51799394999,1080.88146255459
"178",2004,"Sparus aurata","modS_fit",1452.25348704301,0.177809584222511,2072.4586321454,1017.65128524921
"179",2005,"Sparus aurata","modS_fit",1386.96306862394,0.186994629663375,2015.98069345035,954.208817562826
"180",2006,"Sparus aurata","modS_fit",1326.51486509144,0.198476345940182,1972.90641419451,891.903272577163
"181",2007,"Sparus aurata","modS_fit",1270.86150107399,0.211927676215298,1941.67377210449,831.802426399117
"182",2008,"Sparus aurata","modS_fit",1219.56589144729,0.226921566135455,1920.02479690732,774.646747259386
"183",2009,"Sparus aurata","modS_fit",1172.98656357848,0.242181525357627,1903.92237398308,722.664693233908
"184",2010,"Sparus aurata","modS_fit",1130.53980163883,0.256995206714209,1890.20564996102,676.180522006123
"185",1965,"Cyprinus carpio","modS_fit",10764.8687080734,0.847102648782049,58585.8518907603,1977.99288671494
"186",1966,"Cyprinus carpio","modS_fit",10462.1946534187,0.820203871255911,53956.3827347722,2028.62963412635
"187",1967,"Cyprinus carpio","modS_fit",10151.7644403005,0.79009618732176,49295.8501232328,2090.60845879963
"188",1968,"Cyprinus carpio","modS_fit",9830.50881008649,0.756555991555658,44638.7661139965,2164.90982789256
"189",1969,"Cyprinus carpio","modS_fit",9500.71979120178,0.720814327185832,40165.0099600013,2247.32115442827
"190",1970,"Cyprinus carpio","modS_fit",9161.17049174972,0.683085982935835,35914.6725935108,2336.84560426899
"191",1971,"Cyprinus carpio","modS_fit",8811.94437309992,0.643704966868236,31929.1073550289,2431.96161957147
"192",1972,"Cyprinus carpio","modS_fit",8454.53537673976,0.603351365807489,28258.8239199775,2529.44597549271
"193",1973,"Cyprinus carpio","modS_fit",8088.88747329802,0.562326582129131,24906.8873872326,2626.98825182055
"194",1974,"Cyprinus carpio","modS_fit",7715.98659508354,0.520993361365278,21873.6142241584,2721.83867400174
"195",1975,"Cyprinus carpio","modS_fit",7337.61229010225,0.479914138704387,19160.3255981235,2810.00204532707
"196",1976,"Cyprinus carpio","modS_fit",6954.52764141962,0.439483609540581,16749.361292408,2887.59994312095
"197",1977,"Cyprinus carpio","modS_fit",6568.33313003173,0.400167384086001,14622.9887047508,2950.35447117975
"198",1978,"Cyprinus carpio","modS_fit",6181.18288252333,0.362595039079767,12764.906631504,2993.12975254389
"199",1979,"Cyprinus carpio","modS_fit",5794.36140398609,0.327363086491059,11151.9173854464,3010.65932606526
"200",1980,"Cyprinus carpio","modS_fit",5409.79132891025,0.295179565229205,9762.70634278244,2997.71817309539
"201",1981,"Cyprinus carpio","modS_fit",5030.64425097917,0.266818415606401,8577.86363433273,2950.31288194154
"202",1982,"Cyprinus carpio","modS_fit",4661.36171194237,0.242815148875205,7575.64060445989,2868.17896255144
"203",1983,"Cyprinus carpio","modS_fit",4308.33945396968,0.223410527500129,6735.37580674061,2755.86535677126
"204",1984,"Cyprinus carpio","modS_fit",3977.76767531449,0.208524399487195,6036.16921807428,2621.30419263242
"205",1985,"Cyprinus carpio","modS_fit",3673.51140477144,0.197733746926222,5455.45204865245,2473.61463736432
"206",1986,"Cyprinus carpio","modS_fit",3398.18275628609,0.190341170656834,4972.50206287852,2322.30090588145
"207",1987,"Cyprinus carpio","modS_fit",3153.02150018079,0.185238249030935,4566.91397386919,2176.8626773978
"208",1988,"Cyprinus carpio","modS_fit",2936.98314767061,0.18193528609699,4225.98971925441,2041.14789262267
"209",1989,"Cyprinus carpio","modS_fit",2748.49713854329,0.179784331142326,3937.80290522922,1918.38868079176
"210",1990,"Cyprinus carpio","modS_fit",2586.0687680694,0.177981033126152,3691.75124900863,1811.53908324129
"211",1991,"Cyprinus carpio","modS_fit",2447.71091143526,0.176513124358349,3483.99461955558,1719.66072287548
"212",1992,"Cyprinus carpio","modS_fit",2328.91693354708,0.175194859200272,3306.1786713904,1640.52055936872
"213",1993,"Cyprinus carpio","modS_fit",2225.71367183896,0.173904526686768,3151.52565009758,1571.87403785131
"214",1994,"Cyprinus carpio","modS_fit",2135.8869907332,0.172609520339657,3016.51156684828,1512.34733767317
"215",1995,"Cyprinus carpio","modS_fit",2056.82193813008,0.171262641446409,2897.03362615142,1460.29250298805
"216",1996,"Cyprinus carpio","modS_fit",1986.50814904208,0.169857328950318,2790.14357860766,1414.34105988905
"217",1997,"Cyprinus carpio","modS_fit",1923.64921955454,0.168487121930595,2694.46120694959,1373.34555433516
"218",1998,"Cyprinus carpio","modS_fit",1865.74968707841,0.167230970500988,2606.80384460612,1335.36012003203
"219",1999,"Cyprinus carpio","modS_fit",1811.42690424124,0.166246205823219,2525.92489631613,1299.03602209015
"220",2000,"Cyprinus carpio","modS_fit",1761.80916492492,0.165856732410897,2454.82304820692,1264.43799518694
"221",2001,"Cyprinus carpio","modS_fit",1717.48317267682,0.166386489666739,2395.59809651353,1231.32025055497
"222",2002,"Cyprinus carpio","modS_fit",1678.80609772258,0.168264002461272,2350.45961429663,1199.08034012059
"223",2003,"Cyprinus carpio","modS_fit",1647.32267130981,0.172066596970146,2323.98768640061,1167.67915737721
"224",2004,"Cyprinus carpio","modS_fit",1623.50612245481,0.178258556415336,2318.92843272114,1136.6336677132
"225",2005,"Cyprinus carpio","modS_fit",1607.76034776411,0.187254588296289,2338.12961233433,1105.53894112905
"226",2006,"Cyprinus carpio","modS_fit",1602.32181851153,0.199305793934172,2387.06672819507,1075.56072050798
"227",2007,"Cyprinus carpio","modS_fit",1607.69910125712,0.214363332705385,2468.30256210131,1047.15541760106
"228",2008,"Cyprinus carpio","modS_fit",1623.83391869456,0.232231806375171,2583.78036035882,1020.53434415638
"229",2009,"Cyprinus carpio","modS_fit",1654.55157656425,0.252028538780191,2738.98413761559,999.4730827081
"230",2010,"Cyprinus carpio","modS_fit",1699.15664464362,0.273248225557279,2934.76824516292,983.768755095097
"231",1965,"Sprattus sprattus","modS_fit",1647.36412291133,0.974865307857118,11575.6890226462,234.440347191966
"232",1966,"Sprattus sprattus","modS_fit",1603.14156964863,0.94328094980579,10575.3633616142,243.02360159691
"233",1967,"Sprattus sprattus","modS_fit",1565.27835362552,0.909026271629226,9641.8809913909,254.109786930193
"234",1968,"Sprattus sprattus","modS_fit",1534.37562019651,0.871899296789312,8775.1347887975,268.293148825358
"235",1969,"Sprattus sprattus","modS_fit",1509.1190254174,0.833047577349218,7985.45058009313,285.19871358971
"236",1970,"Sprattus sprattus","modS_fit",1489.55545425768,0.79270343627491,7270.93282700235,305.156917839875
"237",1971,"Sprattus sprattus","modS_fit",1475.65730434076,0.751228239006597,6629.70294556105,328.455814345684
"238",1972,"Sprattus sprattus","modS_fit",1466.84017811721,0.709318803281275,6060.23243576896,355.039205334692
"239",1973,"Sprattus sprattus","modS_fit",1463.16319696226,0.667340421407574,5558.23998206612,385.166266273559
"240",1974,"Sprattus sprattus","modS_fit",1464.70264536968,0.625742810310965,5119.91516739179,419.021364458627
"241",1975,"Sprattus sprattus","modS_fit",1471.16973651576,0.585175609208723,4741.7631632094,456.442112173091
"242",1976,"Sprattus sprattus","modS_fit",1482.71421919912,0.546153089319672,4420.18043965087,497.364640613834
"243",1977,"Sprattus sprattus","modS_fit",1499.55752579333,0.509284086376578,4152.61499276992,541.507646887218
"244",1978,"Sprattus sprattus","modS_fit",1521.61324610787,0.475316428843305,3936.94080322956,588.097963990623
"245",1979,"Sprattus sprattus","modS_fit",1549.15843839832,0.444939952303097,3771.94862703157,636.247230426722
"246",1980,"Sprattus sprattus","modS_fit",1582.59424027899,0.4189059297812,3657.85636916697,684.719211633404
"247",1981,"Sprattus sprattus","modS_fit",1621.8534620696,0.397848975859114,3594.00636495088,731.887588758651
"248",1982,"Sprattus sprattus","modS_fit",1666.86912367644,0.381897850697515,3577.78105779775,776.585439573013
"249",1983,"Sprattus sprattus","modS_fit",1717.7453044477,0.370714991909193,3605.43541821664,818.389067806856
"250",1984,"Sprattus sprattus","modS_fit",1774.51335125051,0.363698909937475,3672.68880013007,857.382099364044
"251",1985,"Sprattus sprattus","modS_fit",1837.41597398034,0.360170380527464,3776.13493922433,894.061657164086
"252",1986,"Sprattus sprattus","modS_fit",1906.77901051063,0.359470901478833,3913.20698874978,929.111648163925
"253",1987,"Sprattus sprattus","modS_fit",1982.69777294976,0.360829703966491,4080.08506251173,963.48247613248
"254",1988,"Sprattus sprattus","modS_fit",2065.43267478053,0.363906075211941,4276.57254968052,997.530635688563
"255",1989,"Sprattus sprattus","modS_fit",2155.32579028396,0.36828616532784,4501.96614097497,1031.86677038338
"256",1990,"Sprattus sprattus","modS_fit",2252.66939571425,0.373498787002779,4754.60434865897,1067.28531635211
"257",1991,"Sprattus sprattus","modS_fit",2357.56961957942,0.379535635148962,5036.45537726854,1103.58061271621
"258",1992,"Sprattus sprattus","modS_fit",2470.42454985928,0.386331995198609,5349.77235107212,1140.79573036867
"259",1993,"Sprattus sprattus","modS_fit",2591.49979558074,0.393862329245788,5697.12372742378,1178.81785824088
"260",1994,"Sprattus sprattus","modS_fit",2720.62489062347,0.402006146395784,6079.204726822,1217.56054090802
"261",1995,"Sprattus sprattus","modS_fit",2857.82264941218,0.410533789336127,6495.61674279557,1257.3325396009
"262",1996,"Sprattus sprattus","modS_fit",3003.00344442543,0.419350381290221,6947.0263074013,1298.11365153796
"263",1997,"Sprattus sprattus","modS_fit",3155.60926853115,0.428475000679555,7434.50195235691,1339.41317380149
"264",1998,"Sprattus sprattus","modS_fit",3315.34875286975,0.437913898460698,7959.69449831584,1380.89939952854
"265",1999,"Sprattus sprattus","modS_fit",3481.80092685128,0.447776927589059,8525.85680256858,1421.90256943679
"266",2000,"Sprattus sprattus","modS_fit",3653.8724525728,0.458251536666268,9136.6210088962,1461.23866653448
"267",2001,"Sprattus sprattus","modS_fit",3830.81029422032,0.469503096949638,9797.0619507727,1497.909024567
"268",2002,"Sprattus sprattus","modS_fit",4011.7504325332,0.48175138755813,10514.2390451619,1530.69960306219
"269",2003,"Sprattus sprattus","modS_fit",4194.85405917065,0.495215204657027,11294.1959316509,1558.03925168565
"270",2004,"Sprattus sprattus","modS_fit",4378.81258079867,0.510079832895814,12145.2391458726,1578.72557200957
"271",2005,"Sprattus sprattus","modS_fit",4562.31747022042,0.526532600963444,13077.535534827,1591.64092069537
"272",2006,"Sprattus sprattus","modS_fit",4742.53213539183,0.5446183051946,14094.8264165188,1595.73522869814
"273",2007,"Sprattus sprattus","modS_fit",4917.68788829139,0.564400425794576,15205.2282151205,1590.48281449659
"274",2008,"Sprattus sprattus","modS_fit",5086.6119466641,0.585831588975557,16416.3067942111,1576.09268761168
"275",2009,"Sprattus sprattus","modS_fit",5245.73631812991,0.608036834707948,17698.6662951322,1554.79226855165
"276",2010,"Sprattus sprattus","modS_fit",5396.62503295305,0.630614471097681,19048.7733129407,1528.89434232022
"277",1965,"Liza ramada","modS_fit",713.472201891228,1.06904781093963,6052.57510603808,84.1034723160549
"278",1966,"Liza ramada","modS_fit",725.509489437053,1.03845848317266,5789.44156912807,90.917925844528
"279",1967,"Liza ramada","modS_fit",732.953181881569,1.00504663694772,5470.77245357012,98.1982656726541
"280",1968,"Liza ramada","modS_fit",734.890591344335,0.968577843140521,5099.39568778274,105.907486751876
"281",1969,"Liza ramada","modS_fit",732.437356093527,0.930132282359055,4706.22971475361,113.99028800475
"282",1970,"Liza ramada","modS_fit",725.573873538179,0.889879238855706,4301.50985518768,122.388989839529
"283",1971,"Liza ramada","modS_fit",714.44312993228,0.848098368308162,3895.97846234619,131.014324345122
"284",1972,"Liza ramada","modS_fit",699.879538582827,0.805386909653157,3504.07568632676,139.789037787705
"285",1973,"Liza ramada","modS_fit",682.195456419005,0.761987868882201,3131.57686540274,148.612236186922
"286",1974,"Liza ramada","modS_fit",661.723810025556,0.718196178826593,2782.87716000702,157.34736949497
"287",1975,"Liza ramada","modS_fit",639.206288519017,0.674484242146391,2463.14856940067,165.879023440991
"288",1976,"Liza ramada","modS_fit",615.043964681604,0.631142140092797,2173.24785014611,174.06163704054
"289",1977,"Liza ramada","modS_fit",589.571530627354,0.588503154162931,1912.95101383313,181.705954419491
"290",1978,"Liza ramada","modS_fit",563.386013494121,0.547029896894492,1682.48109255009,188.652224150536
"291",1979,"Liza ramada","modS_fit",536.843149315154,0.507087257583397,1480.12301281873,194.713928822556
"292",1980,"Liza ramada","modS_fit",510.186445637064,0.469095046205392,1303.70609654955,199.654055465935
"293",1981,"Liza ramada","modS_fit",483.833672317185,0.433575487167962,1151.58227818164,203.281195710628
"294",1982,"Liza ramada","modS_fit",458.105296870928,0.400890532263947,1021.34955821762,205.473690503604
"295",1983,"Liza ramada","modS_fit",433.355260150682,0.371209437558181,910.484366665104,206.260303170413
"296",1984,"Liza ramada","modS_fit",410.109366005973,0.344614697598928,817.011577643406,205.859618992119
"297",1985,"Liza ramada","modS_fit",388.68439115215,0.321197598034813,738.900208949845,204.460025989209
"298",1986,"Liza ramada","modS_fit",369.244472637476,0.301124201714298,674.321739665775,202.190545778495
"299",1987,"Liza ramada","modS_fit",351.976445557717,0.284348180327609,621.577510254791,199.311294542594
"300",1988,"Liza ramada","modS_fit",336.771683423368,0.271033994563405,579.098852446393,195.847680023348
"301",1989,"Liza ramada","modS_fit",323.463969190369,0.261084481063489,545.256699364809,191.889323847418
"302",1990,"Liza ramada","modS_fit",311.904247889127,0.254138042906791,518.516748369822,187.620284507948
"303",1991,"Liza ramada","modS_fit",302.012137842507,0.250271513889608,498.204301003989,183.080176586976
"304",1992,"Liza ramada","modS_fit",293.953231139017,0.249173294829118,483.846286590001,178.586680298921
"305",1993,"Liza ramada","modS_fit",287.723510636507,0.250334346139815,474.693189632297,174.396474146011
"306",1994,"Liza ramada","modS_fit",283.080633622929,0.253204222255867,469.721622198422,170.600290353481
"307",1995,"Liza ramada","modS_fit",279.890998890821,0.257266208742245,468.217370602337,167.313252729864
"308",1996,"Liza ramada","modS_fit",278.007608300803,0.262153257955001,469.63462427426,164.5709798177
"309",1997,"Liza ramada","modS_fit",277.17941571381,0.267594814947999,473.35926070663,162.304690903817
"310",1998,"Liza ramada","modS_fit",277.282623270552,0.273378294466141,479.044682328069,160.4978742153
"311",1999,"Liza ramada","modS_fit",278.181726809684,0.279525645056181,486.543291752933,159.050745211207
"312",2000,"Liza ramada","modS_fit",279.629284276553,0.286268989141426,495.715770677107,157.736633067399
"313",2001,"Liza ramada","modS_fit",281.52504090534,0.293926178025126,506.778363388718,156.392526560888
"314",2002,"Liza ramada","modS_fit",283.753753920195,0.302954024054085,520.096747154953,154.810029680525
"315",2003,"Liza ramada","modS_fit",286.031253048491,0.313793972759017,535.761461104798,152.705791028307
"316",2004,"Liza ramada","modS_fit",288.248400045009,0.326697278843744,554.029074401968,149.968916736353
"317",2005,"Liza ramada","modS_fit",290.252225916985,0.341751624105552,574.933014635091,146.532469879531
"318",2006,"Liza ramada","modS_fit",291.532608928371,0.358753422058299,597.442897149393,142.258385653433
"319",2007,"Liza ramada","modS_fit",291.802651372668,0.377415571875126,620.73785928925,137.173504199687
"320",2008,"Liza ramada","modS_fit",290.845353305202,0.397520466783973,644.08623829721,131.334927699843
"321",2009,"Liza ramada","modS_fit",287.917508283199,0.418377599278984,664.762083915237,124.700992402834
"322",2010,"Liza ramada","modS_fit",283.15369284772,0.439933321989911,682.564124852738,117.462976523413
"323",1965,"Atherina boyeri","modS_fit",5442.36566901223,1.01830622542315,41713.5611268246,710.065102933532
"324",1966,"Atherina boyeri","modS_fit",5225.76406926966,0.989566591178588,37816.0722051492,722.142954443359
"325",1967,"Atherina boyeri","modS_fit",4991.16350080067,0.957742264791979,33891.1384873316,735.050936723082
"326",1968,"Atherina boyeri","modS_fit",4737.5494058917,0.922577363464881,29984.324426002,748.536937313865
"327",1969,"Atherina boyeri","modS_fit",4474.55120561185,0.885187776488278,26279.3014030238,761.877501406438
"328",1970,"Atherina boyeri","modS_fit",4204.78483532765,0.845732611534402,22821.1638949078,774.728913600521
"329",1971,"Atherina boyeri","modS_fit",3931.19582133528,0.80448045669731,19646.6054593106,786.614289053182
"330",1972,"Atherina boyeri","modS_fit",3659.30369746551,0.762028675596418,16799.1826579435,797.092562354698
"331",1973,"Atherina boyeri","modS_fit",3391.5594133999,0.718602287067938,14274.7807115547,805.803990061345
"332",1974,"Atherina boyeri","modS_fit",3130.0278556228,0.674473419084321,12061.1403382705,812.284253578259
"333",1975,"Atherina boyeri","modS_fit",2877.97174308943,0.630096376550115,10148.0192967921,816.190934583606
"334",1976,"Atherina boyeri","modS_fit",2636.84543232495,0.585735656228004,8508.40589064128,817.186429907014
"335",1977,"Atherina boyeri","modS_fit",2407.52526885099,0.541693164736622,7113.43813335913,814.820880071243
"336",1978,"Atherina boyeri","modS_fit",2191.57930488166,0.498404382975262,5938.34926751583,808.813970552258
"337",1979,"Atherina boyeri","modS_fit",1989.46441812868,0.456218299032139,4954.52878296077,798.858750122117
"338",1980,"Atherina boyeri","modS_fit",1801.08763957844,0.415542600805405,4134.95286029901,784.511164948968
"339",1981,"Atherina boyeri","modS_fit",1626.86517963089,0.376907568504467,3457.23832162186,765.550438378179
"340",1982,"Atherina boyeri","modS_fit",1466.54157318565,0.340838937628112,2899.63490101485,741.729307068659
"341",1983,"Atherina boyeri","modS_fit",1319.40533913634,0.307952774262747,2442.65773692841,712.678826273281
"342",1984,"Atherina boyeri","modS_fit",1185.54076058215,0.278884729635349,2070.86929378366,678.70381738759
"343",1985,"Atherina boyeri","modS_fit",1065.31775295434,0.25402117512956,1770.59467458654,640.972172258843
"344",1986,"Atherina boyeri","modS_fit",958.739465467323,0.233434968611369,1529.18363801919,601.092857516589
"345",1987,"Atherina boyeri","modS_fit",865.620911668889,0.2167068064,1335.23245488071,561.175366865555
"346",1988,"Atherina boyeri","modS_fit",785.500347821892,0.203675028648235,1180.47355859495,522.68074277132
"347",1989,"Atherina boyeri","modS_fit",717.703441284781,0.193851241131132,1057.60154670786,487.043755973535
"348",1990,"Atherina boyeri","modS_fit",661.391311556009,0.186395552542934,960.195365132068,455.572358383141
"349",1991,"Atherina boyeri","modS_fit",615.483089792935,0.181047179671871,884.039575813837,428.509587336428
"350",1992,"Atherina boyeri","modS_fit",578.996398724869,0.177288227640146,825.403793296676,406.148884290229
"351",1993,"Atherina boyeri","modS_fit",550.811639631515,0.174653451870788,781.097359874859,388.419520970043
"352",1994,"Atherina boyeri","modS_fit",529.636098839955,0.172793276566639,748.279609708156,374.879114110584
"353",1995,"Atherina boyeri","modS_fit",514.371681524269,0.171385008583798,724.669824838582,365.101757635676
"354",1996,"Atherina boyeri","modS_fit",504.172641229736,0.170207572143619,708.630260272203,358.706177840793
"355",1997,"Atherina boyeri","modS_fit",498.487413090404,0.169188880630273,699.213478212868,355.384598198368
"356",1998,"Atherina boyeri","modS_fit",497.249363326196,0.168291609753973,696.226373581813,355.138700156197
"357",1999,"Atherina boyeri","modS_fit",500.66989875221,0.167595385174847,700.040205308138,358.07992971805
"358",2000,"Atherina boyeri","modS_fit",508.939442492283,0.167364805318853,711.274653189545,364.162219141149
"359",2001,"Atherina boyeri","modS_fit",522.218417628846,0.167901506489518,730.61667508445,373.262868219171
"360",2002,"Atherina boyeri","modS_fit",540.537702906914,0.169636174620589,758.874746571077,385.018752546561
"361",2003,"Atherina boyeri","modS_fit",563.819975706993,0.173159705679871,797.159209561377,398.782277358559
"362",2004,"Atherina boyeri","modS_fit",592.059773148648,0.17899392867449,846.910866952729,413.898071992024
"363",2005,"Atherina boyeri","modS_fit",624.802708372749,0.187632767583125,909.324001957693,429.306191796843
"364",2006,"Atherina boyeri","modS_fit",660.648957684839,0.199409464212068,984.409087092117,443.369581826323
"365",2007,"Atherina boyeri","modS_fit",697.865945737283,0.214373265668251,1071.45579716796,454.537536226002
"366",2008,"Atherina boyeri","modS_fit",734.566573763679,0.232410081931119,1169.23011937694,461.490037203663
"367",2009,"Atherina boyeri","modS_fit",768.720983576482,0.252721434267262,1274.32377201234,463.721986177521
"368",2010,"Atherina boyeri","modS_fit",800.512264674012,0.274859443603293,1387.10031213008,461.985251023013
"369",1965,"Anguilla anguilla","modI_fit",8901.29093081823,0.263307097207809,15071.5748430797,5257.11354387411
"370",1966,"Anguilla anguilla","modI_fit",8745.81813154723,0.241817733769091,14185.3696315855,5392.12842362509
"371",1967,"Anguilla anguilla","modI_fit",8591.6207589747,0.222439219454354,13405.510273183,5506.38847472369
"372",1968,"Anguilla anguilla","modI_fit",8430.30352719904,0.205450046982803,12714.3702677873,5589.73948877084
"373",1969,"Anguilla anguilla","modI_fit",8249.36230989521,0.191533675823845,12099.9733876987,5624.14282572755
"374",1970,"Anguilla anguilla","modI_fit",8037.62178562875,0.180656234845654,11535.6900407894,5600.30338370576
"375",1971,"Anguilla anguilla","modI_fit",7788.46922364075,0.172671773435835,11001.018749879,5514.05776381088
"376",1972,"Anguilla anguilla","modI_fit",7501.63673147076,0.167194225379537,10480.4296831734,5369.48916715708
"377",1973,"Anguilla anguilla","modI_fit",7180.2252488713,0.163750352043393,9962.53401449976,5174.95192984971
"378",1974,"Anguilla anguilla","modI_fit",6826.7405483979,0.161889431614663,9436.8873620934,4938.53372695143
"379",1975,"Anguilla anguilla","modI_fit",6444.7086741231,0.161102847057742,8894.78480163771,4669.5081242067
"380",1976,"Anguilla anguilla","modI_fit",6039.95128424844,0.16107035444753,8335.60963656498,4376.52590592376
"381",1977,"Anguilla anguilla","modI_fit",5618.50941741105,0.161573735323058,7761.7969348198,4067.05410340261
"382",1978,"Anguilla anguilla","modI_fit",5187.76316113286,0.162381764697969,7178.32553540648,3749.18725589438
"383",1979,"Anguilla anguilla","modI_fit",4758.56381580743,0.163427865103424,6598.23133487828,3431.81807970507
"384",1980,"Anguilla anguilla","modI_fit",4342.96530018843,0.164685739267622,6037.13065668139,3124.22385256257
"385",1981,"Anguilla anguilla","modI_fit",3951.50992430239,0.166073795034792,5508.24111462175,2834.73986649049
"386",1982,"Anguilla anguilla","modI_fit",3592.50763064704,0.167588512562326,5023.00061971172,2569.40264462836
"387",1983,"Anguilla anguilla","modI_fit",3271.17264539911,0.169199002753535,4588.46953251078,2332.05656051336
"388",1984,"Anguilla anguilla","modI_fit",2989.48728772278,0.170785027206411,4206.67248444368,2124.49014666707
"389",1985,"Anguilla anguilla","modI_fit",2747.05528133029,0.172251019614709,3876.88334944268,1946.4894964584
"390",1986,"Anguilla anguilla","modI_fit",2541.46427665122,0.1734434453191,3595.29948050838,1796.52368446954
"391",1987,"Anguilla anguilla","modI_fit",2369.22744693656,0.173867194855047,3354.48521319285,1673.35323859567
"392",1988,"Anguilla anguilla","modI_fit",2227.33722809277,0.17385225940259,3153.4948773593,1573.18509164737
"393",1989,"Anguilla anguilla","modI_fit",2113.39452827447,0.173398659641558,2989.4599586147,1494.06130002498
"394",1990,"Anguilla anguilla","modI_fit",2025.41234387057,0.172176344006792,2858.01118891493,1435.36707575339
"395",1991,"Anguilla anguilla","modI_fit",1961.26856060679,0.170680779571866,2759.23384230712,1394.07335030667
"396",1992,"Anguilla anguilla","modI_fit",1918.8302001306,0.169065888507915,2690.82410816925,1368.32033195893
"397",1993,"Anguilla anguilla","modI_fit",1896.00724145674,0.167427505071783,2650.12082501183,1356.48285381115
"398",1994,"Anguilla anguilla","modI_fit",1890.6817014304,0.165886066546263,2634.54261351886,1356.84929815927
"399",1995,"Anguilla anguilla","modI_fit",1900.57402037747,0.164472586527017,2640.85077786949,1367.80981235446
"400",1996,"Anguilla anguilla","modI_fit",1922.91194357932,0.163190877136391,2665.04895927869,1387.43805433157
"401",1997,"Anguilla anguilla","modI_fit",1954.72696268238,0.162123039160877,2703.3631283246,1413.40889745933
"402",1998,"Anguilla anguilla","modI_fit",1993.59700038123,0.161295641207061,2752.56121018409,1443.90213203041
"403",1999,"Anguilla anguilla","modI_fit",2037.25233367262,0.160775528757942,2809.91170806553,1477.05604383985
"404",2000,"Anguilla anguilla","modI_fit",2082.93714214544,0.160794526847583,2873.0323470681,1510.12122872773
"405",2001,"Anguilla anguilla","modI_fit",2128.48091146563,0.161571286047005,2940.41612447243,1540.74484654325
"406",2002,"Anguilla anguilla","modI_fit",2173.512382753,0.163426578332527,3013.78759595543,1567.51460664332
"407",2003,"Anguilla anguilla","modI_fit",2218.87952051284,0.166869884464758,3097.95469181816,1589.25059154489
"408",2004,"Anguilla anguilla","modI_fit",2265.49662017854,0.172352303299601,3197.91360862261,1604.94483722186
"409",2005,"Anguilla anguilla","modI_fit",2313.67788912795,0.180347026970241,3318.56503833703,1613.0783374136
"410",2006,"Anguilla anguilla","modI_fit",2362.86081206763,0.191239563238108,3463.75139481919,1611.86834180874
"411",2007,"Anguilla anguilla","modI_fit",2411.99545893804,0.205174530408107,3635.70651635564,1600.16273804446
"412",2008,"Anguilla anguilla","modI_fit",2460.03829847891,0.222184323504308,3836.4427317776,1577.44787374396
"413",2009,"Anguilla anguilla","modI_fit",2506.26636237022,0.241583702551237,4063.16223385104,1545.93164575538
"414",2010,"Anguilla anguilla","modI_fit",2551.23276119823,0.263093185774805,4317.87356033543,1507.40602077878
"415",1965,"Dicentrarchus labrax","modI_fit",1696.35023004687,0.0935666523328834,2045.43877070384,1406.83952225559
"416",1966,"Dicentrarchus labrax","modI_fit",1696.35131238015,0.0935639260307406,2045.42892282343,1406.84809083551
"417",1967,"Dicentrarchus labrax","modI_fit",1696.35243001615,0.0935613039181619,2045.41954377941,1406.85639558553
"418",1968,"Dicentrarchus labrax","modI_fit",1696.35358806177,0.0935587737516029,2045.41058963687,1406.86447518634
"419",1969,"Dicentrarchus labrax","modI_fit",1696.3547769177,0.0935563530502154,2045.40212048303,1406.87227237837
"420",1970,"Dicentrarchus labrax","modI_fit",1696.35599544521,0.0935540397910892,2045.39412666347,1406.87979190446
"421",1971,"Dicentrarchus labrax","modI_fit",1696.35724124115,0.0935518345903253,2045.38660779528,1406.88703003344
"422",1972,"Dicentrarchus labrax","modI_fit",1696.3585075489,0.0935497457528805,2045.37958969994,1406.89395778888
"423",1973,"Dicentrarchus labrax","modI_fit",1696.35979123299,0.0935477735908715,2045.37306986844,1406.90057168745
"424",1974,"Dicentrarchus labrax","modI_fit",1696.36108654493,0.0935459193791706,2045.36704658,1406.90686336984
"425",1975,"Dicentrarchus labrax","modI_fit",1696.36238274194,0.0935441885067435,2045.361528922,1406.91280875834
"426",1976,"Dicentrarchus labrax","modI_fit",1696.36367200882,0.0935425818928525,2045.35651122778,1406.9183987802
"427",1977,"Dicentrarchus labrax","modI_fit",1696.36494865028,0.0935411007005172,2045.35199138429,1406.92362543509
"428",1978,"Dicentrarchus labrax","modI_fit",1696.36620818129,0.0935397486272397,2045.34797910589,1406.92847459497
"429",1979,"Dicentrarchus labrax","modI_fit",1696.36745231291,0.0935385266330724,2045.34448038001,1406.93294497362
"430",1980,"Dicentrarchus labrax","modI_fit",1696.36868601894,0.0935374355971928,2045.34150479748,1406.93703821874
"431",1981,"Dicentrarchus labrax","modI_fit",1696.36991359281,0.093536477961837,2045.33906752307,1406.9407510158
"432",1982,"Dicentrarchus labrax","modI_fit",1696.37114091185,0.0935356544721243,2045.33717868932,1406.94408613968
"433",1983,"Dicentrarchus labrax","modI_fit",1696.37237300088,0.0935349656715691,2045.33584657654,1406.94704622582
"434",1984,"Dicentrarchus labrax","modI_fit",1696.37361176458,0.0935344129342987,2045.33507910119,1406.94962898489
"435",1985,"Dicentrarchus labrax","modI_fit",1696.37485984213,0.0935339966583782,2045.33488107308,1406.95183548361
"436",1986,"Dicentrarchus labrax","modI_fit",1696.37611911658,0.0935337170656135,2045.33525566975,1406.95366665781
"437",1987,"Dicentrarchus labrax","modI_fit",1696.3773875139,0.0935335738039284,2045.33619895058,1406.95512177654
"438",1988,"Dicentrarchus labrax","modI_fit",1696.37866235088,0.0935335683182411,2045.33771359188,1406.95619454733
"439",1989,"Dicentrarchus labrax","modI_fit",1696.37994104304,0.0935337006168412,2045.33979651265,1406.95688280243
"440",1990,"Dicentrarchus labrax","modI_fit",1696.38122041957,0.093533969274794,2045.34243806259,1406.95718792107
"441",1991,"Dicentrarchus labrax","modI_fit",1696.38249554772,0.093534374673053,2045.34563385477,1406.9571047399
"442",1992,"Dicentrarchus labrax","modI_fit",1696.38376292468,0.0935349166042589,2045.34937882019,1406.95663093728
"443",1993,"Dicentrarchus labrax","modI_fit",1696.38501774235,0.0935355946880687,2045.35366560879,1406.95576359611
"444",1994,"Dicentrarchus labrax","modI_fit",1696.38625337975,0.093536407578374,2045.35848073446,1406.95450101365
"445",1995,"Dicentrarchus labrax","modI_fit",1696.38746697008,0.0935373547444597,2045.36381857344,1406.9528423067
"446",1996,"Dicentrarchus labrax","modI_fit",1696.38865816467,0.09353843545676,2045.36967572499,1406.95078924044
"447",1997,"Dicentrarchus labrax","modI_fit",1696.38982594927,0.093539647301451,2045.37604109638,1406.9483477677
"448",1998,"Dicentrarchus labrax","modI_fit",1696.39097052058,0.0935409894108813,2045.38291138022,1406.94552049516
"449",1999,"Dicentrarchus labrax","modI_fit",1696.3920912901,0.093542460836789,2045.39028199297,1406.94230960539
"450",2000,"Dicentrarchus labrax","modI_fit",1696.39318589769,0.0935440579087372,2045.39813507935,1406.93872347179
"451",2001,"Dicentrarchus labrax","modI_fit",1696.39425457248,0.0935457794712425,2045.40646619441,1406.93476553868
"452",2002,"Dicentrarchus labrax","modI_fit",1696.39529712875,0.0935476246107021,2045.41527138271,1406.93043822596
"453",2003,"Dicentrarchus labrax","modI_fit",1696.3963100025,0.0935495879642996,2045.42452441469,1406.9257536714
"454",2004,"Dicentrarchus labrax","modI_fit",1696.397292292,0.093551668259558,2045.43421900368,1406.92071471131
"455",2005,"Dicentrarchus labrax","modI_fit",1696.39824321764,0.093553865182443,2045.44435293133,1406.91532158661
"456",2006,"Dicentrarchus labrax","modI_fit",1696.39915767555,0.0935561704574715,2045.45488619592,1406.90959335423
"457",2007,"Dicentrarchus labrax","modI_fit",1696.40003526401,0.0935585834631449,2045.46581577678,1406.90353143392
"458",2008,"Dicentrarchus labrax","modI_fit",1696.40087658342,0.0935611062082929,2045.47715062235,1406.89713067555
"459",2009,"Dicentrarchus labrax","modI_fit",1696.40167340637,0.0935637212265424,2045.48880936442,1406.89043340703
"460",2010,"Dicentrarchus labrax","modI_fit",1696.40243266661,0.0935664407088414,2045.50085024239,1406.88341108055
"461",1965,"Mullet ind.","modI_fit",30757.2081329433,0.268227700727881,52592.8289692063,17987.3543727242
"462",1966,"Mullet ind.","modI_fit",29747.3848793727,0.245493767239446,48605.114373504,18206.0451573367
"463",1967,"Mullet ind.","modI_fit",28609.3228651091,0.22513972247119,44880.8896533969,18237.0127045399
"464",1968,"Mullet ind.","modI_fit",27309.2166232524,0.207493755929567,41355.7621456662,18033.6009755748
"465",1969,"Mullet ind.","modI_fit",25865.2081436322,0.193282241659014,38071.3958109387,17572.4839623872
"466",1970,"Mullet ind.","modI_fit",24261.580338478,0.182418747270182,34943.4673717696,16845.0450053495
"467",1971,"Mullet ind.","modI_fit",22507.2867696793,0.174678723948855,31918.8441506933,15870.8114661344
"468",1972,"Mullet ind.","modI_fit",20658.7358129269,0.16955648706026,28998.7070891205,14717.3239164316
"469",1973,"Mullet ind.","modI_fit",18775.512808423,0.166487308149496,26193.9410644494,13458.0695723446
"470",1974,"Mullet ind.","modI_fit",16913.6280415259,0.164958290743667,23524.3550938892,12160.6229962666
"471",1975,"Mullet ind.","modI_fit",15127.3529701551,0.164411641615989,21016.9203305643,10888.2178875118
"472",1976,"Mullet ind.","modI_fit",13456.0576172582,0.164525524796572,18699.1942503463,9683.06356813303
"473",1977,"Mullet ind.","modI_fit",11926.5536008887,0.165097698167017,16592.6977768367,8572.607222042
"474",1978,"Mullet ind.","modI_fit",10556.1670268872,0.165911797417125,14710.0926978639,7575.25221548897
"475",1979,"Mullet ind.","modI_fit",9349.04399693847,0.166933462221077,13054.6059283366,6695.30923694668
"476",1980,"Mullet ind.","modI_fit",8300.44154792935,0.168166406295097,11618.998086615,5929.7135068781
"477",1981,"Mullet ind.","modI_fit",7399.91701462438,0.169548162421334,10387.1047690484,5271.80316756773
"478",1982,"Mullet ind.","modI_fit",6630.95847079808,0.171095895085419,9336.59056424862,4709.38614463999
"479",1983,"Mullet ind.","modI_fit",5976.08357230022,0.172787713604429,8443.0267129306,4229.94929157582
"480",1984,"Mullet ind.","modI_fit",5420.04746995817,0.174495575213148,7683.65791000348,3823.29808545403
"481",1985,"Mullet ind.","modI_fit",4948.3845580657,0.176109969352704,7037.69787370548,3479.33517094994
"482",1986,"Mullet ind.","modI_fit",4548.73287037369,0.177447150772487,6486.62915830475,3189.7878267833
"483",1987,"Mullet ind.","modI_fit",4211.3662871677,0.17792134405682,6011.23258734287,2950.41087613819
"484",1988,"Mullet ind.","modI_fit",3926.93416741687,0.177906616117729,5605.07391404977,2751.22365765275
"485",1989,"Mullet ind.","modI_fit",3687.50053199159,0.177402977583328,5258.02153046988,2586.07921147541
"486",1990,"Mullet ind.","modI_fit",3486.86763569225,0.176036270974449,4958.36648879172,2452.06681198768
"487",1991,"Mullet ind.","modI_fit",3320.50607326149,0.174392655128219,4706.30224299466,2342.76508674688
"488",1992,"Mullet ind.","modI_fit",3183.43783624064,0.17265631231283,4496.38759644714,2253.87074397594
"489",1993,"Mullet ind.","modI_fit",3070.24229210935,0.170937043439805,4321.62101953335,2181.21572661055
"490",1994,"Mullet ind.","modI_fit",2974.81234662314,0.169363074925194,4174.13482838069,2120.08209161144
"491",1995,"Mullet ind.","modI_fit",2890.4094525059,0.167956406900245,4044.31012117307,2065.73347562976
"492",1996,"Mullet ind.","modI_fit",2812.77451840705,0.166700163955624,3925.80606576491,2015.30599292568
"493",1997,"Mullet ind.","modI_fit",2739.96737466417,0.165657307825124,3816.22085867487,1967.239709714
"494",1998,"Mullet ind.","modI_fit",2668.41826147682,0.164824346781665,3710.38104539384,1919.06327977351
"495",1999,"Mullet ind.","modI_fit",2594.42862932858,0.164235830999105,3603.25633097072,1868.04914621948
"496",2000,"Mullet ind.","modI_fit",2518.58013263329,0.164108648123308,3497.02497379518,1813.89779370408
"497",2001,"Mullet ind.","modI_fit",2445.32254336911,0.164645398326378,3398.95431687468,1759.24763431578
"498",2002,"Mullet ind.","modI_fit",2380.77592544261,0.166168411046569,3319.33106352584,1707.60129034746
"499",2003,"Mullet ind.","modI_fit",2330.70901116168,0.169236417771873,3269.52708938853,1661.46489880474
"500",2004,"Mullet ind.","modI_fit",2298.21185849593,0.174362837337217,3257.16453514042,1621.58763843461
"501",2005,"Mullet ind.","modI_fit",2284.9107016091,0.182112541605615,3288.89626436649,1587.40698844554
"502",2006,"Mullet ind.","modI_fit",2292.48568175364,0.192990826067835,3372.37866797614,1558.39278991745
"503",2007,"Mullet ind.","modI_fit",2320.0881253831,0.207220936347252,3511.51315450147,1532.90296026468
"504",2008,"Mullet ind.","modI_fit",2365.40609487862,0.224887757982924,3708.86252835088,1508.58813205373
"505",2009,"Mullet ind.","modI_fit",2428.39727979804,0.245262953106968,3965.99746266354,1486.91808404993
"506",2010,"Mullet ind.","modI_fit",2505.69083478377,0.268017239992928,4282.76555592746,1465.98885171984
"507",1965,"Sparus aurata","modI_fit",433.787173882505,0.299244994101799,789.219134480181,238.427204820509
"508",1966,"Sparus aurata","modI_fit",444.153435766317,0.267656246760834,758.606025622956,260.045752129409
"509",1967,"Sparus aurata","modI_fit",451.295581258787,0.241120856535111,730.964013000036,278.628903805824
"510",1968,"Sparus aurata","modI_fit",454.066405197337,0.220609809345529,705.892580034325,292.078860382421
"511",1969,"Sparus aurata","modI_fit",452.970476173561,0.207034820728911,685.327338680484,299.393064750572
"512",1970,"Sparus aurata","modI_fit",448.788652440908,0.199647769496749,669.042515318472,301.044029263001
"513",1971,"Sparus aurata","modI_fit",443.700303097298,0.197308181341619,658.369092017762,299.026733416767
"514",1972,"Sparus aurata","modI_fit",441.023839991371,0.198223310415618,655.596529842743,296.679464559382
"515",1973,"Sparus aurata","modI_fit",443.186145142373,0.200919764292957,662.373371723346,296.530578720475
"516",1974,"Sparus aurata","modI_fit",451.14577923894,0.204122361457553,678.602302766066,299.929005981098
"517",1975,"Sparus aurata","modI_fit",464.777137496746,0.20635772436401,702.238763557511,307.613021026256
"518",1976,"Sparus aurata","modI_fit",483.080675685572,0.206776537424429,730.505488827825,319.459528764515
"519",1977,"Sparus aurata","modI_fit",504.766811186044,0.205398251888434,761.197663849275,334.721907035934
"520",1978,"Sparus aurata","modI_fit",528.89689469027,0.202860106687691,793.547754428017,352.507991676745
"521",1979,"Sparus aurata","modI_fit",555.479637387547,0.200126929127894,828.888635608643,372.254624200066
"522",1980,"Sparus aurata","modI_fit",586.234236671291,0.197912574303235,870.915171122688,394.608558492039
"523",1981,"Sparus aurata","modI_fit",624.066904314602,0.196594195714739,924.678373295988,421.183745946814
"524",1982,"Sparus aurata","modI_fit",671.439852383751,0.196471168634353,994.625990145014,453.267338513226
"525",1983,"Sparus aurata","modI_fit",729.895677810201,0.197577985776449,1083.61460503573,491.639461124139
"526",1984,"Sparus aurata","modI_fit",800.164037205722,0.199642407417413,1192.85105834833,536.749732463578
"527",1985,"Sparus aurata","modI_fit",881.85075008214,0.202302619037889,1321.6391984483,588.406235478989
"528",1986,"Sparus aurata","modI_fit",974.561538696991,0.204933223771278,1468.29055228909,646.8543921547
"529",1987,"Sparus aurata","modI_fit",1079.46271014971,0.205887334880273,1629.44276841806,715.11547701367
"530",1988,"Sparus aurata","modI_fit",1198.42204632509,0.205823076594954,1808.77873096333,794.024927721878
"531",1989,"Sparus aurata","modI_fit",1333.6491295825,0.204696947935617,2008.34859021243,885.613189614675
"532",1990,"Sparus aurata","modI_fit",1486.80589241909,0.201754799249423,2225.8519052149,993.144133512643
"533",1991,"Sparus aurata","modI_fit",1654.89148139213,0.198531590568307,2461.56817820232,1112.5695560398
"534",1992,"Sparus aurata","modI_fit",1829.42406400573,0.195527956232069,2704.87881428392,1237.31695050052
"535",1993,"Sparus aurata","modI_fit",1997.16302376228,0.192983682866809,2937.90003159804,1357.656863945
"536",1994,"Sparus aurata","modI_fit",2138.34846943937,0.191075824843419,3133.60919447018,1459.1909497913
"537",1995,"Sparus aurata","modI_fit",2227.08964097337,0.189756923229448,3255.05601955269,1523.76126221401
"538",1996,"Sparus aurata","modI_fit",2243.30850951521,0.188859759320711,3272.88319674839,1537.61462488581
"539",1997,"Sparus aurata","modI_fit",2187.39248174386,0.188311758614637,3187.80854448003,1500.9326320662
"540",1998,"Sparus aurata","modI_fit",2079.34197527702,0.187923127846018,3027.98608860785,1427.90056612737
"541",1999,"Sparus aurata","modI_fit",1944.33858626688,0.187504213054015,2829.01978765512,1336.31180472575
"542",2000,"Sparus aurata","modI_fit",1800.36248133138,0.187120701698951,2617.52555420393,1238.30885203009
"543",2001,"Sparus aurata","modI_fit",1657.69042123748,0.186767816524272,2408.39597202028,1140.98244831284
"544",2002,"Sparus aurata","modI_fit",1525.11898195099,0.186595740702004,2215.02548565813,1050.09532584051
"545",2003,"Sparus aurata","modI_fit",1409.94837776372,0.187295750987642,2050.62493734689,969.438336456874
"546",2004,"Sparus aurata","modI_fit",1313.93451300245,0.1896190572385,1919.88290154238,899.233960087889
"547",2005,"Sparus aurata","modI_fit",1235.46643523413,0.194697657537952,1823.65712488559,836.98700362102
"548",2006,"Sparus aurata","modI_fit",1172.76204922167,0.204138459448775,1764.09641196884,779.646063992387
"549",2007,"Sparus aurata","modI_fit",1122.3510252192,0.219099475712063,1739.54670739696,724.137971377354
"550",2008,"Sparus aurata","modI_fit",1080.57195024031,0.240460142306653,1747.89248713379,668.024920434803
"551",2009,"Sparus aurata","modI_fit",1046.89518210023,0.267494297762574,1787.49895289834,613.141350671887
"552",2010,"Sparus aurata","modI_fit",1019.81729855368,0.299435099491571,1856.13002998767,560.320293097269
"553",1965,"Cyprinus carpio","modI_fit",10259.9223146574,0.63664701530122,36654.6134373096,2871.835112457
"554",1966,"Cyprinus carpio","modI_fit",9823.79906265042,0.605089085162675,32949.8295452144,2928.9082631187
"555",1967,"Cyprinus carpio","modI_fit",9399.89821064311,0.574119542358978,29634.4621308312,2981.59912538197
"556",1968,"Cyprinus carpio","modI_fit",8987.04183959237,0.543722921274236,26661.7402091558,3029.31918145569
"557",1969,"Cyprinus carpio","modI_fit",8586.38589586807,0.513980127329318,24002.0241945143,3071.65854659926
"558",1970,"Cyprinus carpio","modI_fit",8197.49540801756,0.484914774624026,21620.8519875839,3108.06119032955
"559",1971,"Cyprinus carpio","modI_fit",7820.15341204748,0.456563476365105,19488.6281761122,3137.9735318116
"560",1972,"Cyprinus carpio","modI_fit",7454.74731606499,0.428994080976835,17581.3593870314,3160.91926244173
"561",1973,"Cyprinus carpio","modI_fit",7100.98692187572,0.402253611191455,15874.9278494396,3176.33035834114
"562",1974,"Cyprinus carpio","modI_fit",6758.67396406995,0.376400084619315,14348.2341787826,3183.64428566029
"563",1975,"Cyprinus carpio","modI_fit",6427.9525058421,0.351514833706859,12983.5831737109,3182.37060328796
"564",1976,"Cyprinus carpio","modI_fit",6108.56226077602,0.327672404026831,11763.9085194202,3171.950277595
"565",1977,"Cyprinus carpio","modI_fit",5800.2814412053,0.304959806560916,10674.1619891159,3151.84131845626
"566",1978,"Cyprinus carpio","modI_fit",5503.13469249284,0.283485515304915,9701.58141389599,3121.60359756818
"567",1979,"Cyprinus carpio","modI_fit",5216.86309568721,0.263359278409044,8834.06117900331,3080.764328849
"568",1980,"Cyprinus carpio","modI_fit",4941.21549923016,0.244703115692864,8060.83851152483,3028.91697618363
"569",1981,"Cyprinus carpio","modI_fit",4676.31504873694,0.227644200656077,7372.80933179762,2966.02305185502
"570",1982,"Cyprinus carpio","modI_fit",4422.53659773839,0.212272622862535,6761.59404745317,2892.63594073686
"571",1983,"Cyprinus carpio","modI_fit",4180.6426988129,0.198630111502377,6219.72201368708,2810.05699879772
"572",1984,"Cyprinus carpio","modI_fit",3951.57743532346,0.186715228032212,5740.49421025662,2720.14284056904
"573",1985,"Cyprinus carpio","modI_fit",3735.91529257026,0.176475852552858,5317.1877859221,2624.8956469458
"574",1986,"Cyprinus carpio","modI_fit",3533.97045699965,0.167809006385946,4943.33412181237,2526.4218204145
"575",1987,"Cyprinus carpio","modI_fit",3345.8906746528,0.160530349992581,4612.60894486638,2427.03956492737
"576",1988,"Cyprinus carpio","modI_fit",3171.36646106077,0.154545657093077,4319.99337835691,2328.1436681661
"577",1989,"Cyprinus carpio","modI_fit",3009.94651870482,0.149692422534991,4060.50421098607,2231.19533307001
"578",1990,"Cyprinus carpio","modI_fit",2861.12905979697,0.145738680737135,3829.34467169004,2137.71812115358
"579",1991,"Cyprinus carpio","modI_fit",2724.20988690125,0.142593055793158,3623.22512566421,2048.2634256766
"580",1992,"Cyprinus carpio","modI_fit",2598.05028828135,0.140129532440592,3438.4484562426,1963.05554273592
"581",1993,"Cyprinus carpio","modI_fit",2481.47924791427,0.13824325914008,3271.80353156387,1882.06266006622
"582",1994,"Cyprinus carpio","modI_fit",2373.56223643668,0.136864570434762,3120.89874898273,1805.18438545136
"583",1995,"Cyprinus carpio","modI_fit",2273.38198140257,0.135952545436341,2983.72844130263,1732.15013867332
"584",1996,"Cyprinus carpio","modI_fit",2180.08260953719,0.135501872706854,2858.69868425429,1662.56073456944
"585",1997,"Cyprinus carpio","modI_fit",2092.8810421308,0.135549588184759,2744.61492327295,1595.90732359904
"586",1998,"Cyprinus carpio","modI_fit",2010.89632314771,0.136169248651122,2640.3699816134,1531.49143893011
"587",1999,"Cyprinus carpio","modI_fit",1933.44487631084,0.137471599652349,2545.29490920222,1468.67424918722
"588",2000,"Cyprinus carpio","modI_fit",1860.24044041541,0.139601779712123,2459.38005454158,1407.05967333786
"589",2001,"Cyprinus carpio","modI_fit",1791.0217519805,0.142729345447951,2382.72540115099,1346.25623016306
"590",2002,"Cyprinus carpio","modI_fit",1725.48151969827,0.147038678017827,2315.40243263164,1285.86134006792
"591",2003,"Cyprinus carpio","modI_fit",1663.43158854075,0.152711660242459,2257.6083734227,1225.63535922762
"592",2004,"Cyprinus carpio","modI_fit",1604.62799850179,0.159916590658272,2209.4091666953,1165.39346916314
"593",2005,"Cyprinus carpio","modI_fit",1548.82335574719,0.168795337432854,2170.77922333752,1105.06575773276
"594",2006,"Cyprinus carpio","modI_fit",1495.9316131405,0.179440901978368,2141.76652893534,1044.84375909336
"595",2007,"Cyprinus carpio","modI_fit",1445.73366180028,0.191909675090738,2122.16388230826,984.912540585228
"596",2008,"Cyprinus carpio","modI_fit",1397.94313912874,0.20621868869504,2111.58604953866,925.48680204819
"597",2009,"Cyprinus carpio","modI_fit",1352.57237805603,0.222310269234394,2109.87516672828,867.090179897711
"598",2010,"Cyprinus carpio","modI_fit",1309.41053085203,0.240135449105572,2116.67816754084,810.022026304629
"599",1965,"Sprattus sprattus","modI_fit",824.149201917566,0.678709678044319,3202.76872063652,212.073354733642
"600",1966,"Sprattus sprattus","modI_fit",858.672056055994,0.656510552984502,3192.01666993944,230.988048024642
"601",1967,"Sprattus sprattus","modI_fit",894.644963460057,0.634495595111007,3182.48666691878,251.498181897921
"602",1968,"Sprattus sprattus","modI_fit",932.129812358624,0.612683669996569,3174.29052170681,273.719743402862
"603",1969,"Sprattus sprattus","modI_fit",971.189581231601,0.591097159419197,3167.55732962032,297.771785808805
"604",1970,"Sprattus sprattus","modI_fit",1011.8909149834,0.569760952007323,3162.43619245606,323.776721967858
"605",1971,"Sprattus sprattus","modI_fit",1054.30318626941,0.548703592443046,3159.10022032186,351.858165634449
"606",1972,"Sprattus sprattus","modI_fit",1098.49811897132,0.527958033631793,3157.75069177337,382.138501474239
"607",1973,"Sprattus sprattus","modI_fit",1144.55101394356,0.507561783569592,3158.62245213268,414.736817511926
"608",1974,"Sprattus sprattus","modI_fit",1192.54032382691,0.487557983668682,3161.99047065906,449.76493039739
"609",1975,"Sprattus sprattus","modI_fit",1242.54736600294,0.467996394964692,3168.17714611444,487.322484051869
"610",1976,"Sprattus sprattus","modI_fit",1294.65730783072,0.448934044793278,3177.56163926453,527.491748392152
"611",1977,"Sprattus sprattus","modI_fit",1348.95893268356,0.430436486967241,3190.59081436305,570.330170160049
"612",1978,"Sprattus sprattus","modI_fit",1405.54434363865,0.412578994164336,3207.79135612989,615.861408242604
"613",1979,"Sprattus sprattus","modI_fit",1464.50990507533,0.395447416815185,3229.78471834156,664.065703786306
"614",1980,"Sprattus sprattus","modI_fit",1525.95611861154,0.379139298118482,3257.30371822883,714.86796361567
"615",1981,"Sprattus sprattus","modI_fit",1589.98704650786,0.363764468276231,3291.20844517889,768.12479372615
"616",1982,"Sprattus sprattus","modI_fit",1656.71107817259,0.349444687707137,3332.50320311626,823.612590671543
"617",1983,"Sprattus sprattus","modI_fit",1726.24133783371,0.336312939014912,3382.35524828696,881.016019223621
"618",1984,"Sprattus sprattus","modI_fit",1798.69556916561,0.324511724202561,3442.11176014946,939.918856787938
"619",1985,"Sprattus sprattus","modI_fit",1874.19670206248,0.314189362356917,3513.31089136989,999.801437057642
"620",1986,"Sprattus sprattus","modI_fit",1952.87286033252,0.305494282043365,3597.6833131483,1060.04672359168
"621",1987,"Sprattus sprattus","modI_fit",2034.85717753289,0.298567204127238,3697.14182592919,1119.95804540618
"622",1988,"Sprattus sprattus","modI_fit",2120.28857315441,0.29353247925291,3813.76601888982,1178.78852849967
"623",1989,"Sprattus sprattus","modI_fit",2209.31187174396,0.29048755135036,3949.76545825441,1235.78450371733
"624",1990,"Sprattus sprattus","modI_fit",2302.07783961118,0.289494135172796,4107.44176859118,1290.23433032054
"625",1991,"Sprattus sprattus","modI_fit",2398.74321074111,0.290572887684781,4289.15915847268,1341.51445038134
"626",1992,"Sprattus sprattus","modI_fit",2499.47179736651,0.293700643635383,4497.3157363694,1389.13067973163
"627",1993,"Sprattus sprattus","modI_fit",2604.43397675676,0.2988128355003,4734.3338918468,1432.74143612187
"628",1994,"Sprattus sprattus","modI_fit",2713.80652793106,0.305809696971431,5002.66948082558,1472.16319192565
"629",1995,"Sprattus sprattus","modI_fit",2827.77405687313,0.314565330836562,5304.84477492635,1507.35911341265
"630",1996,"Sprattus sprattus","modI_fit",2946.52869715303,0.32493761724509,5643.49186619155,1538.41479158635
"631",1997,"Sprattus sprattus","modI_fit",3070.26988425794,0.336777350436846,6021.40227830461,1565.50861850662
"632",1998,"Sprattus sprattus","modI_fit",3199.20600099983,0.349935936197795,6441.58434862102,1588.88225053272
"633",1999,"Sprattus sprattus","modI_fit",3333.55397257843,0.364270945859244,6907.31424470868,1608.81374357713
"634",2000,"Sprattus sprattus","modI_fit",3473.53876940826,0.379649645517678,7422.18273907122,1625.59613617005
"635",2001,"Sprattus sprattus","modI_fit",3619.39554263356,0.39595114156303,7990.14828035732,1639.52202567257
"636",2002,"Sprattus sprattus","modI_fit",3771.36916429827,0.413067008469739,8615.57943028559,1650.87275771867
"637",2003,"Sprattus sprattus","modI_fit",3929.71322957131,0.430900982607105,9303.29295675072,1659.91183320334
"638",2004,"Sprattus sprattus","modI_fit",4094.69302874593,0.449368559458608,10058.6088614285,1666.88169613144
"639",2005,"Sprattus sprattus","modI_fit",4266.58498911886,0.468395886694327,10887.3929775877,1672.00242581928
"640",2006,"Sprattus sprattus","modI_fit",4445.67458219775,0.48791841305299,11796.0938331694,1675.47179348681
"641",2007,"Sprattus sprattus","modI_fit",4632.26113952179,0.507880265827238,12791.8167185082,1677.46644100027
"642",2008,"Sprattus sprattus","modI_fit",4826.65743085571,0.528232840798663,13882.3724517102,1678.14413824956
"643",2009,"Sprattus sprattus","modI_fit",5029.18502100061,0.548933033235602,15076.3005942062,1677.64643702957
"644",2010,"Sprattus sprattus","modI_fit",5240.18772964276,0.569943889354817,16383.0145944812,1676.0997973565
"645",1965,"Liza ramada","modI_fit",6411.76828371941,1.45572429295419,117870.160286095,348.780152876064
"646",1966,"Liza ramada","modI_fit",5730.75260859195,1.40366600942298,94933.7126290094,345.941652879673
"647",1967,"Liza ramada","modI_fit",5099.57787735706,1.347930681678,75566.9584807357,344.14107766239
"648",1968,"Liza ramada","modI_fit",4514.59840388563,1.28791932186804,59332.3613387339,343.515718715564
"649",1969,"Liza ramada","modI_fit",3979.99757979937,1.2253613960007,46154.9402646146,343.200113452496
"650",1970,"Liza ramada","modI_fit",3493.67600236942,1.16041995504746,35580.3809056006,343.047817332689
"651",1971,"Liza ramada","modI_fit",3054.0331616127,1.09348739483481,27206.0086410411,342.833036455037
"652",1972,"Liza ramada","modI_fit",2660.47819753789,1.02553502970453,20688.4575724448,342.130108771467
"653",1973,"Liza ramada","modI_fit",2310.1031389247,0.95692751691089,15660.5875065886,340.764770812371
"654",1974,"Liza ramada","modI_fit",2000.08002008282,0.888154596897133,11816.4943724764,338.536960340138
"655",1975,"Liza ramada","modI_fit",1727.97550486581,0.820043713528343,8908.78547541921,335.163457875919
"656",1976,"Liza ramada","modI_fit",1490.35732216709,0.753125304691683,6721.19868333973,330.471550148162
"657",1977,"Liza ramada","modI_fit",1283.93244011695,0.688057032914325,5083.71174361088,324.267502549973
"658",1978,"Liza ramada","modI_fit",1105.77035891969,0.625777438884279,3865.52353111709,316.316296310846
"659",1979,"Liza ramada","modI_fit",952.627311205812,0.567094992543202,2961.38914571753,306.443614601462
"660",1980,"Liza ramada","modI_fit",821.533772515518,0.512992339027139,2291.94876897218,294.473309578487
"661",1981,"Liza ramada","modI_fit",709.916323148489,0.464683551421685,1798.15103147695,280.277450030832
"662",1982,"Liza ramada","modI_fit",615.291689726805,0.422856226016375,1433.4062726827,264.114836569206
"663",1983,"Liza ramada","modI_fit",535.642081499266,0.387298295065405,1162.19155096894,246.871902685631
"664",1984,"Liza ramada","modI_fit",469.27817019601,0.357301188498971,958.910824974524,229.658478439188
"665",1985,"Liza ramada","modI_fit",414.447489305188,0.332308758854849,805.581035133618,213.22091000179
"666",1986,"Liza ramada","modI_fit",369.668733591442,0.31209336367395,690.070673242205,198.030401658783
"667",1987,"Liza ramada","modI_fit",333.541785310676,0.29589545137231,602.784078324146,184.560486165343
"668",1988,"Liza ramada","modI_fit",304.166577782637,0.283876497297887,536.640547656403,172.40088816255
"669",1989,"Liza ramada","modI_fit",279.932722359444,0.27575750181094,485.92986395287,161.262632450945
"670",1990,"Liza ramada","modI_fit",259.680922153166,0.270835962996286,446.359901599322,151.075804723273
"671",1991,"Liza ramada","modI_fit",242.863788466962,0.269999975175537,416.755906894036,141.528455320784
"672",1992,"Liza ramada","modI_fit",229.510494096313,0.27323900584393,396.401174771628,132.883226016373
"673",1993,"Liza ramada","modI_fit",219.5739093867,0.279604970510549,384.098424629258,125.521737637677
"674",1994,"Liza ramada","modI_fit",212.59206937878,0.287732827183894,377.979823255415,119.570900831423
"675",1995,"Liza ramada","modI_fit",208.059259402602,0.296538786140187,376.493398182796,114.97852454279
"676",1996,"Liza ramada","modI_fit",205.726722123196,0.305145447943155,378.736075707526,111.749281122716
"677",1997,"Liza ramada","modI_fit",205.452303300448,0.312584578284297,383.900368863137,109.952092665239
"678",1998,"Liza ramada","modI_fit",207.10845182683,0.318085222586866,391.2759334002,109.625732524249
"679",1999,"Liza ramada","modI_fit",210.703662959139,0.321459445716491,400.763547709327,110.778622053218
"680",2000,"Liza ramada","modI_fit",216.342840253178,0.323076372325157,412.822251862852,113.376215350817
"681",2001,"Liza ramada","modI_fit",224.12374296242,0.323836892592802,428.32065476388,117.275344069447
"682",2002,"Liza ramada","modI_fit",234.258522076631,0.325227992302013,448.936425015457,122.237920800563
"683",2003,"Liza ramada","modI_fit",247.153639305085,0.328921058811315,477.16019942418,128.01763746319
"684",2004,"Liza ramada","modI_fit",263.318161721599,0.336277631388296,515.902763138788,134.39829992496
"685",2005,"Liza ramada","modI_fit",283.368847609953,0.348252489776925,568.643884992779,141.209473828796
"686",2006,"Liza ramada","modI_fit",307.92596092878,0.365289985323107,639.341882141632,148.306250634317
"687",2007,"Liza ramada","modI_fit",337.374193330466,0.387666463936219,732.545612216586,155.377828256966
"688",2008,"Liza ramada","modI_fit",372.243054824766,0.415947148806658,855.290614955139,162.009134021121
"689",2009,"Liza ramada","modI_fit",413.59943884365,0.450482752936951,1018.27314078607,167.994704917511
"690",2010,"Liza ramada","modI_fit",461.898049354946,0.492175197285,1236.07286544835,172.602937870105
"691",1965,"Atherina boyeri","modI_fit",58942.3436691008,1.92645783787649,2777969.14381523,1250.62579796511
"692",1966,"Atherina boyeri","modI_fit",50672.9277231715,1.8684144339593,2126474.37849208,1207.51306952431
"693",1967,"Atherina boyeri","modI_fit",43347.0207178682,1.80181593509821,1592196.58979039,1180.1081707898
"694",1968,"Atherina boyeri","modI_fit",36857.7646271212,1.72571035194414,1162684.70323088,1168.41204630393
"695",1969,"Atherina boyeri","modI_fit",31182.9294439726,1.64357454562078,834656.199650987,1165.00073816546
"696",1970,"Atherina boyeri","modI_fit",26243.7415367289,1.55576722483397,589315.676052436,1168.70125441114
"697",1971,"Atherina boyeri","modI_fit",21967.6812634493,1.46301955373374,409776.318938025,1177.66449106466
"698",1972,"Atherina boyeri","modI_fit",18299.5248992539,1.36706691877616,281746.839445793,1188.55853786016
"699",1973,"Atherina boyeri","modI_fit",15170.3115614298,1.26844211199448,191756.158128878,1200.16147130031
"700",1974,"Atherina boyeri","modI_fit",12515.0919752537,1.1678341072895,129360.552804082,1210.78275992121
"701",1975,"Atherina boyeri","modI_fit",10279.7201252077,1.06645788111386,86755.0644291571,1218.05737276456
"702",1976,"Atherina boyeri","modI_fit",8408.13482164193,0.964932637294714,57920.1271277148,1220.59005538817
"703",1977,"Atherina boyeri","modI_fit",6848.59367946149,0.864030483231944,38555.7133553465,1216.505448987
"704",1978,"Atherina boyeri","modI_fit",5557.97543897603,0.76493323715054,25664.2862806317,1203.66062950185
"705",1979,"Atherina boyeri","modI_fit",4495.2656056874,0.668646136561286,17121.1925818315,1180.2573196402
"706",1980,"Atherina boyeri","modI_fit",3623.56992569093,0.576555297528473,11479.5857100905,1143.79206166214
"707",1981,"Atherina boyeri","modI_fit",2912.95870103064,0.490649934533295,7771.54642344901,1091.84555191067
"708",1982,"Atherina boyeri","modI_fit",2336.1631287452,0.413456922820734,5341.05789313485,1021.83093186906
"709",1983,"Atherina boyeri","modI_fit",1869.12910259094,0.348652185066,3753.83120072947,930.687453786818
"710",1984,"Atherina boyeri","modI_fit",1495.08571671332,0.300031753960197,2724.39680790028,820.468330398219
"711",1985,"Atherina boyeri","modI_fit",1201.42023508057,0.26882898074432,2056.82256471765,701.767184987686
"712",1986,"Atherina boyeri","modI_fit",974.679593214524,0.252245261255878,1614.20736119993,588.524332290641
"713",1987,"Atherina boyeri","modI_fit",801.73817385455,0.24304431460031,1303.58145027734,493.090860781176
"714",1988,"Atherina boyeri","modI_fit",672.249423317115,0.237801784322697,1081.63926351232,417.809617674855
"715",1989,"Atherina boyeri","modI_fit",577.852057251765,0.233555937427089,921.893543632192,362.203426172728
"716",1990,"Atherina boyeri","modI_fit",511.769164913094,0.227505083498476,806.645137110512,324.687605622996
"717",1991,"Atherina boyeri","modI_fit",468.013687849427,0.221798722707511,729.307160635327,300.335474320052
"718",1992,"Atherina boyeri","modI_fit",441.96005733891,0.217010165407719,682.143359840491,286.345515887873
"719",1993,"Atherina boyeri","modI_fit",429.478215029272,0.213315003134919,657.997429449782,280.322580194528
"720",1994,"Atherina boyeri","modI_fit",425.206609721708,0.210777280421372,648.154926681252,278.946673871296
"721",1995,"Atherina boyeri","modI_fit",423.142404775834,0.209246931209289,643.037240351539,278.44342984178
"722",1996,"Atherina boyeri","modI_fit",419.133763460183,0.208436788289806,635.914226396762,276.252840996657
"723",1997,"Atherina boyeri","modI_fit",411.852708956458,0.208191988193398,624.561472384543,271.586803500963
"724",1998,"Atherina boyeri","modI_fit",402.686179190212,0.208327967998764,610.826820547763,265.469939197164
"725",1999,"Atherina boyeri","modI_fit",395.625002881982,0.208638324276754,600.488474844133,260.653034091945
"726",2000,"Atherina boyeri","modI_fit",394.947263957433,0.209063657032705,599.969944274061,259.985258921921
"727",2001,"Atherina boyeri","modI_fit",402.850917141957,0.209419972122465,612.412763354854,264.999149516549
"728",2002,"Atherina boyeri","modI_fit",421.114851100018,0.209508427782159,640.29080598584,276.964335828543
"729",2003,"Atherina boyeri","modI_fit",453.51620279155,0.209456850519898,689.484831883872,298.305251520179
"730",2004,"Atherina boyeri","modI_fit",504.8366830335,0.209547547150999,767.647060853216,332.001631391642
"731",2005,"Atherina boyeri","modI_fit",579.093895144455,0.210813699200359,882.794134893213,379.873094007521
"732",2006,"Atherina boyeri","modI_fit",678.263478464608,0.215823488188285,1044.3842957958,440.490486184844
"733",2007,"Atherina boyeri","modI_fit",799.47940431181,0.228392628809241,1262.36980218577,506.323358505613
"734",2008,"Atherina boyeri","modI_fit",936.665084197993,0.253461835747139,1555.02897158508,564.196227843484
"735",2009,"Atherina boyeri","modI_fit",1089.9177299406,0.294958272109071,1966.03487472517,604.221559500533
"736",2010,"Atherina boyeri","modI_fit",1266.5291803129,0.354497395060545,2573.52105215331,623.307962933463
