"","Day","Month","Year","flow_che","Total_phosphorous","SRP","WaterT","Oxygen","SuspendedSolids","Year2","mean_biomass","mean_biomass_log","Chl.Total","qmedmes"
"1",2,10,1980,168,NA,NA,22.9,9.2,1,1980,3945.5,8.28033096796109,NA,191.252
"2",6,11,1980,237.6,NA,NA,13.6,8.8,6,1980,3945.5,8.28033096796109,NA,224.017
"3",9,12,1980,261.2,NA,NA,8.3,11.4,5,1980,3945.5,8.28033096796109,NA,431.302
"4",12,1,1981,326.8,NA,NA,5.9,11.1,17,1981,3901.77272727273,8.26918627429779,NA,876.694
"5",5,2,1981,428,NA,NA,7.7,12,21,1981,3901.77272727273,8.26918627429779,NA,364.041
"6",4,3,1981,153.4,NA,NA,9.3,12.3,5,1981,3901.77272727273,8.26918627429779,NA,214.684
"7",6,4,1981,326.8,NA,0.36,13,11.2,7,1981,3901.77272727273,8.26918627429779,NA,353.913
"8",6,5,1981,345.6,NA,NA,15.5,10,3,1981,3901.77272727273,8.26918627429779,NA,340.169
"9",3,6,1981,176,NA,NA,18.1,9.9,5,1981,3901.77272727273,8.26918627429779,NA,158.617
"10",8,7,1981,237.6,NA,NA,20.8,6.5,25,1981,3901.77272727273,8.26918627429779,NA,167.044
"11",10,8,1981,NA,NA,NA,23,10,5,1981,3901.77272727273,8.26918627429779,NA,94.145
"12",7,9,1981,210,NA,0.61,23,7.9,9,1981,3901.77272727273,8.26918627429779,NA,174.953
"13",7,10,1981,118.7,NA,NA,20.2,7.8,13,1981,3901.77272727273,8.26918627429779,NA,130.277
"14",4,11,1981,242,NA,NA,16.8,8.7,10,1981,3901.77272727273,8.26918627429779,NA,200.807
"15",3,12,1981,85.5,NA,NA,11.2,10.4,2,1981,3901.77272727273,8.26918627429779,NA,183.145
"16",11,1,1982,312.4,NA,NA,9.1,10.2,11,1982,2790.60952380952,7.93401531827014,NA,438.684
"17",1,2,1982,270.8,NA,NA,9.2,10.2,8,1982,2790.60952380952,7.93401531827014,NA,458.273
"18",1,3,1982,425,NA,NA,10.5,10.6,5,1982,2790.60952380952,7.93401531827014,NA,591.165
"19",13,4,1982,242,NA,NA,14.5,10.6,11,1982,2790.60952380952,7.93401531827014,NA,234.478
"20",3,5,1982,112.5,NA,NA,17.9,9.8,4,1982,2790.60952380952,7.93401531827014,NA,119.381
"21",1,6,1982,76.7,NA,NA,20,8.1,4,1982,2790.60952380952,7.93401531827014,NA,154.653
"22",5,7,1982,67.9,NA,0.57,23.1,7.6,4,1982,2790.60952380952,7.93401531827014,NA,100.045
"23",9,8,1982,74.1,NA,NA,24.2,11.1,13,1982,2790.60952380952,7.93401531827014,NA,93.239
"24",6,9,1982,103.8,NA,NA,22.9,7.1,20,1982,2790.60952380952,7.93401531827014,NA,147.76
"25",4,10,1982,79.3,NA,NA,16.8,6.6,6,1982,2790.60952380952,7.93401531827014,NA,183.866
"26",2,11,1982,170,NA,NA,14.8,10,4,1982,2790.60952380952,7.93401531827014,NA,788.803
"27",1,12,1982,636.4,NA,NA,11.5,10.2,10,1982,2790.60952380952,7.93401531827014,NA,1034.685
"28",12,1,1983,261.2,NA,0.46,6.2,9.8,10,1983,3116.68518518519,8.04452527536762,NA,638.05
"29",1,2,1983,176,NA,NA,6.2,12.2,6,1983,3116.68518518519,8.04452527536762,NA,445.482
"30",7,3,1983,315.2,NA,NA,8.9,11.7,8,1983,3116.68518518519,8.04452527536762,NA,510.203
"31",11,4,1983,266,NA,NA,13.5,10.1,4,1983,3116.68518518519,8.04452527536762,NA,568.533
"32",2,5,1983,200,NA,NA,15.8,9.7,2,1983,3116.68518518519,8.04452527536762,NA,321.787
"33",6,6,1983,76.7,NA,NA,20.7,10.4,4,1983,3116.68518518519,8.04452527536762,NA,178.23
"34",4,7,1983,140.4,NA,0.43,22.5,8.2,6,1983,3116.68518518519,8.04452527536762,NA,209
"35",1,8,1983,81.9,NA,NA,24.2,10.1,15,1983,3116.68518518519,8.04452527536762,NA,137.494
"36",19,9,1983,192,NA,NA,21.7,10.2,16,1983,3116.68518518519,8.04452527536762,NA,280.917
"37",3,10,1983,164,NA,NA,23.3,9.5,10,1983,3116.68518518519,8.04452527536762,NA,213.31
"38",2,11,1983,85.9,NA,NA,17,8.8,7,1983,3116.68518518519,8.04452527536762,NA,263.48
"39",12,12,1983,150.1,NA,NA,9.6,10,4,1983,3116.68518518519,8.04452527536762,NA,279.79
"40",9,1,1984,233.2,NA,0.05,9.3,11,3,1984,2101.77777777778,7.65053882642755,NA,318.784
"41",6,2,1984,428,NA,NA,7.2,11.9,11,1984,2101.77777777778,7.65053882642755,NA,514.971
"42",6,3,1984,285.2,NA,NA,7.3,12,6,1984,2101.77777777778,7.65053882642755,NA,415.668
"43",2,4,1984,246.8,NA,NA,10.8,12.4,5,1984,2101.77777777778,7.65053882642755,NA,419.238
"44",2,5,1984,98,NA,NA,14.8,7.6,7,1984,2101.77777777778,7.65053882642755,NA,593.037
"45",4,6,1984,601.5,NA,NA,17.9,8.1,4,1984,2101.77777777778,7.65053882642755,NA,572.763
"46",3,7,1984,134.2,NA,0.72,23.8,7.9,5,1984,2101.77777777778,7.65053882642755,NA,NA
"47",6,8,1984,NA,NA,NA,24,8.6,4,1984,2101.77777777778,7.65053882642755,NA,NA
"48",3,9,1984,NA,NA,NA,24.6,8.3,3,1984,2101.77777777778,7.65053882642755,NA,NA
"49",1,10,1984,NA,NA,NA,19,9,3,1984,2101.77777777778,7.65053882642755,NA,NA
"50",5,11,1984,NA,NA,NA,14.7,8.9,6,1984,2101.77777777778,7.65053882642755,NA,666.133
"51",3,12,1984,NA,NA,NA,10.6,10.9,4,1984,2101.77777777778,7.65053882642755,NA,533.355
"52",7,1,1985,NA,NA,0.84,7.8,11.8,10,1985,2024.79375,7.61322312250154,NA,558.129
"53",11,3,1985,NA,NA,NA,12.3,10.9,7,1985,2024.79375,7.61322312250154,NA,437.419
"54",9,4,1985,NA,NA,NA,16.5,10,8,1985,2024.79375,7.61322312250154,NA,331.697
"55",6,5,1985,208,NA,NA,16.8,9.8,7,1985,2024.79375,7.61322312250154,NA,487.41
"56",3,6,1985,246.8,NA,NA,21.5,9.1,2,1985,2024.79375,7.61322312250154,NA,314.12
"57",1,7,1985,153.4,NA,0.74,26.1,8.5,1,1985,2024.79375,7.61322312250154,NA,175.052
"58",5,8,1985,115.6,NA,NA,26.5,8.5,5,1985,2024.79375,7.61322312250154,NA,NA
"59",9,9,1985,100.9,NA,NA,26.2,8.9,2,1985,2024.79375,7.61322312250154,NA,NA
"60",1,10,1985,64.3,NA,NA,25,9,4,1985,2024.79375,7.61322312250154,NA,84.51
"61",5,11,1985,92.6,NA,NA,18.7,8.3,6,1985,2024.79375,7.61322312250154,NA,165.507
"62",3,12,1985,80.6,NA,NA,12.2,8.9,7,1985,2024.79375,7.61322312250154,NA,108.6
"63",14,1,1986,140.4,NA,0.88,9.8,10.8,4,1986,1952.70833333333,7.57697257683264,NA,159.081
"64",4,2,1986,275.6,NA,NA,6.5,11,16,1986,1952.70833333333,7.57697257683264,NA,480.295
"65",17,3,1986,437.6,NA,NA,10.1,11,9,1986,1952.70833333333,7.57697257683264,NA,355.516
"66",7,4,1986,199,NA,NA,12.7,10.2,9,1986,1952.70833333333,7.57697257683264,NA,423.563
"67",13,5,1986,227,NA,NA,18.5,10.7,7,1986,1952.70833333333,7.57697257683264,NA,407.113
"68",2,6,1986,128,NA,NA,21.6,10.2,4,1986,1952.70833333333,7.57697257683264,NA,222.1
"69",8,7,1986,119,NA,0.75,24.2,9.9,12,1986,1952.70833333333,7.57697257683264,NA,108.69
"70",1,8,1986,NA,NA,NA,26,7.7,4,1986,1952.70833333333,7.57697257683264,NA,64.361
"71",1,9,1986,NA,NA,NA,22.7,8.2,6,1986,1952.70833333333,7.57697257683264,NA,80.397
"72",6,10,1986,251,NA,NA,22.5,8.7,7,1986,1952.70833333333,7.57697257683264,NA,152.61
"73",3,11,1986,283,NA,NA,17.7,7.9,16,1986,1952.70833333333,7.57697257683264,NA,263.143
"74",1,12,1986,251,NA,NA,14,9.6,11,1986,1952.70833333333,7.57697257683264,NA,190.716
"75",19,1,1987,294,NA,1.06,9.5,10.4,7,NA,NA,NA,NA,221.765
"76",23,2,1987,305,NA,0.65,8.5,11.2,6,NA,NA,NA,NA,530.859
"77",9,3,1987,NA,NA,0.83,13.6,9.6,7,NA,NA,NA,NA,332.661
"78",6,4,1987,216,NA,0.4,14.4,11.7,7,NA,NA,NA,NA,382.197
"79",13,5,1987,NA,NA,1.34,18.2,9.7,7,NA,NA,NA,NA,155.513
"80",8,6,1987,NA,NA,0.8,22.2,9.4,8,NA,NA,NA,NA,87.82
"81",6,7,1987,109,NA,0.82,25.3,10.4,6,NA,NA,NA,NA,126.352
"82",10,8,1987,NA,NA,0.72,26.2,7.3,11,NA,NA,NA,NA,101.835
"83",9,9,1987,240,NA,1.14,24.6,6.8,7,NA,NA,NA,NA,145.96
"84",14,10,1987,352,NA,0.82,21.2,8.2,11,NA,NA,NA,NA,288.158
"85",4,11,1987,302,NA,0.46,15.8,8.7,13,NA,NA,NA,NA,388.773
"86",9,12,1987,746,NA,0.68,11.8,9.9,27,NA,NA,NA,NA,570.744
"87",13,1,1988,667,NA,0.46,9.9,10.4,9,NA,NA,NA,NA,544.5
"88",3,2,1988,467,NA,0.62,9.8,11.7,26,NA,NA,NA,NA,963.003
"89",1,3,1988,327,NA,0.44,10,10.9,21,NA,NA,NA,NA,565.384
"90",13,4,1988,950,NA,0.64,14.4,10.7,15,NA,NA,NA,NA,1070.812
"91",16,5,1988,930,NA,0.37,17.1,8.9,10,NA,NA,NA,NA,758.673
"92",14,6,1988,687,NA,0.47,19.8,8.9,16,NA,NA,NA,NA,729.805
"93",5,7,1988,91,NA,0.49,21.5,9.1,46,NA,NA,NA,NA,534.049
"94",10,8,1988,224,NA,0.4,26,8.2,6,NA,NA,NA,NA,239.155
"95",12,9,1988,205,NA,0.77,26,6.5,5,NA,NA,NA,NA,251.147
"96",17,10,1988,216,NA,0.55,22,7.8,5,NA,NA,NA,NA,228.906
"97",21,11,1988,227,NA,0.37,14.7,9.3,9,NA,NA,NA,NA,275.7
"98",12,12,1988,202,NA,0.51,11.5,10.4,10,NA,NA,NA,NA,225.058
"99",16,1,1989,155,NA,0.54,9.3,10,4,1989,1479.3775862069,7.29937672844206,NA,182.248
"100",8,2,1989,121,NA,1,8.4,10.4,6,1989,1479.3775862069,7.29937672844206,NA,NA
"101",8,3,1989,NA,NA,0.94,15.4,9.3,14,1989,1479.3775862069,7.29937672844206,NA,NA
"102",12,4,1989,60,NA,0.88,17.4,9.1,9,1989,1479.3775862069,7.29937672844206,NA,NA
"103",15,5,1989,197,NA,0.68,19.2,9.3,27,1989,1479.3775862069,7.29937672844206,NA,NA
"104",16,6,1989,NA,NA,0.68,22.6,10.2,10,1989,1479.3775862069,7.29937672844206,NA,NA
"105",10,7,1989,150,NA,0.6,22.2,5.9,9,1989,1479.3775862069,7.29937672844206,NA,NA
"106",7,8,1989,68,NA,0.74,26.3,8.8,12,1989,1479.3775862069,7.29937672844206,NA,NA
"107",11,9,1989,59,NA,0.84,24.5,7.3,24,1989,1479.3775862069,7.29937672844206,NA,NA
"108",16,10,1989,53,NA,0.82,21.3,7.9,24,1989,1479.3775862069,7.29937672844206,NA,70.781
"109",15,11,1989,103,NA,0.96,17.8,7.6,33,1989,1479.3775862069,7.29937672844206,NA,129.847
"110",11,12,1989,148,NA,0.62,15.2,9,8,1989,1479.3775862069,7.29937672844206,NA,182.006
"111",15,1,1990,170,NA,0.13,13.4,10,7,1990,1566.74222222222,7.35675372481751,9.585,182.345
"112",12,2,1990,160,NA,0.54,14,9.8,17,1990,1566.74222222222,7.35675372481751,33.09538462,193.225
"113",12,3,1990,57,NA,0.57,16,9.8,7,1990,1566.74222222222,7.35675372481751,49.77470588,93.923
"114",2,4,1990,NA,NA,0.61,16,9,8,1990,1566.74222222222,7.35675372481751,36.516,166.577
"115",9,5,1990,86,NA,0.5,20,9,8,1990,1566.74222222222,7.35675372481751,43.86666667,139.039
"116",4,6,1990,143,NA,0.66,23.5,9.6,6,1990,1566.74222222222,7.35675372481751,49.497,162.307
"117",9,7,1990,135,NA,0.64,24.4,10,8,1990,1566.74222222222,7.35675372481751,71.59615385,106.871
"118",6,8,1990,89,NA,0.88,27.2,8.1,9,1990,1566.74222222222,7.35675372481751,39.83125,103.439
"119",10,9,1990,91,NA,1.3,26.2,7.8,11,1990,1566.74222222222,7.35675372481751,76.75846154,106.067
"120",15,10,1990,111,NA,0.83,23.1,8.9,6,1990,1566.74222222222,7.35675372481751,37.85384615,159.89
"121",12,11,1990,123,NA,1.1,18,8.2,8,1990,1566.74222222222,7.35675372481751,27.46666667,156.7
"122",3,12,1990,140,NA,0.95,12.4,9.5,3,1990,1566.74222222222,7.35675372481751,17.11111111,260.916
"123",16,1,1991,335,NA,0.45,7.8,9.9,9,1991,1469.41666666667,7.29262077561992,10.09333333,348.819
"124",4,2,1991,224,NA,1,9.7,10.9,6,1991,1469.41666666667,7.29262077561992,26.10833333,280.8
"125",6,3,1991,208,NA,0.58,9.9,10.8,5,1991,1469.41666666667,7.29262077561992,35.10909091,480.319
"126",8,4,1991,283,NA,0.67,13.7,10.4,12,1991,1469.41666666667,7.29262077561992,19.69090909,646.945
"127",15,5,1991,836,NA,0.36,15.3,10.9,5,1991,1469.41666666667,7.29262077561992,16.7375,681.119
"128",17,6,1991,84,NA,0.72,20.7,8.4,15,1991,1469.41666666667,7.29262077561992,32.46,150.213
"129",15,7,1991,84,NA,0.63,23,9.1,21,1991,1469.41666666667,7.29262077561992,44.98,129.839
"130",15,7,1991,NA,NA,NA,24.1,NA,12,1991,1469.41666666667,7.29262077561992,44.98,129.839
"131",20,8,1991,142,NA,1.01,23.1,7,16,1991,1469.41666666667,7.29262077561992,44.77142857,165.484
"132",21,8,1991,NA,NA,0.32,19.3,NA,2,1991,1469.41666666667,7.29262077561992,44.77142857,165.484
"133",17,9,1991,113,NA,0.46,27.9,7.1,7,1991,1469.41666666667,7.29262077561992,28.9875,128.587
"134",21,10,1991,88,NA,0.61,19.9,8.8,12,1991,1469.41666666667,7.29262077561992,21.15555556,96.168
"135",21,10,1991,NA,NA,0.47,21.4,NA,11,1991,1469.41666666667,7.29262077561992,21.15555556,96.168
"136",19,11,1991,88,NA,0.99,17,8.6,8,1991,1469.41666666667,7.29262077561992,10.6125,165.953
"137",19,11,1991,NA,NA,0.59,16.8,NA,9,1991,1469.41666666667,7.29262077561992,10.6125,165.953
"138",12,12,1991,NA,NA,0.34,13.5,NA,10,1991,1469.41666666667,7.29262077561992,8.928571429,271.103
"139",12,12,1991,327,NA,0.49,13.2,9,8,1991,1469.41666666667,7.29262077561992,8.928571429,271.103
"140",16,1,1992,105,NA,0.66,10.2,10.7,3,1992,1262.21052631579,7.14061984877294,14.22857143,145.581
"141",16,1,1992,NA,NA,0.42,9.8,NA,2,1992,1262.21052631579,7.14061984877294,14.22857143,145.581
"142",18,2,1992,84,NA,0.99,10.7,10.1,8,1992,1262.21052631579,7.14061984877294,48.6875,123.552
"143",15,3,1992,NA,NA,1,12.3,10.6,7,1992,1262.21052631579,7.14061984877294,31.26666667,98.442
"144",15,3,1992,NA,NA,0.62,11.9,NA,11,1992,1262.21052631579,7.14061984877294,31.26666667,98.442
"145",14,4,1992,NA,NA,0.42,14.5,NA,10,1992,1262.21052631579,7.14061984877294,38.65714286,430.713
"146",14,4,1992,510,NA,0.46,15,9.3,13,1992,1262.21052631579,7.14061984877294,38.65714286,430.713
"147",19,5,1992,154,NA,0.49,21,9,13,1992,1262.21052631579,7.14061984877294,43.52857143,177.89
"148",19,5,1992,NA,NA,0.3,21.5,NA,8,1992,1262.21052631579,7.14061984877294,43.52857143,177.89
"149",16,6,1992,NA,NA,0.57,18.9,NA,30,1992,1262.21052631579,7.14061984877294,52.375,304.308
"150",16,6,1992,204,NA,0.63,19.5,7.7,17,1992,1262.21052631579,7.14061984877294,52.375,304.308
"151",15,7,1992,NA,NA,0.73,24,NA,16,1992,1262.21052631579,7.14061984877294,36.65,218.806
"152",15,7,1992,186,NA,0.87,25,7,16,1992,1262.21052631579,7.14061984877294,36.65,218.806
"153",18,8,1992,NA,NA,0.67,23.2,NA,19,1992,1262.21052631579,7.14061984877294,54.61111111,123.074
"154",18,8,1992,92,NA,1.07,22.3,9.3,14,1992,1262.21052631579,7.14061984877294,54.61111111,123.074
"155",22,9,1992,NA,NA,15.78,25,NA,12,1992,1262.21052631579,7.14061984877294,31.35714286,145.793
"156",22,9,1992,132,NA,0.67,22.9,8.6,14,1992,1262.21052631579,7.14061984877294,31.35714286,145.793
"157",20,10,1992,NA,NA,0.31,17.8,NA,15,1992,1262.21052631579,7.14061984877294,12.7125,628.75
"158",20,10,1992,710,NA,0.43,17.3,8.9,18,1992,1262.21052631579,7.14061984877294,12.7125,628.75
"159",17,11,1992,NA,NA,0.63,14.2,NA,13,1992,1262.21052631579,7.14061984877294,5.366666667,793.378
"160",17,11,1992,710,NA,0.43,14.3,10.3,12,1992,1262.21052631579,7.14061984877294,5.366666667,793.378
"161",14,12,1992,801,NA,NA,11.2,11.5,NA,1992,1262.21052631579,7.14061984877294,9.971428571,774.744
"162",14,12,1992,NA,NA,NA,11,NA,NA,1992,1262.21052631579,7.14061984877294,9.971428571,774.744
"163",20,1,1993,NA,NA,0.34,9.6,NA,8,1993,1855.80130434783,7.52607185176818,4.85,289.065
"164",20,1,1993,210,NA,0.51,9.9,11.4,10,1993,1855.80130434783,7.52607185176818,4.85,289.065
"165",16,2,1993,94,NA,0.39,11.2,11,4,1993,1855.80130434783,7.52607185176818,34.15,166.668
"166",16,2,1993,NA,NA,0.45,10.3,NA,5,1993,1855.80130434783,7.52607185176818,34.15,166.668
"167",16,3,1993,267,NA,0.99,16.8,10.2,16,1993,1855.80130434783,7.52607185176818,104.68,223.261
"168",17,3,1993,NA,NA,0.59,20.3,NA,21,1993,1855.80130434783,7.52607185176818,104.68,223.261
"169",20,4,1993,NA,NA,0.26,15.6,NA,9,1993,1855.80130434783,7.52607185176818,41.15,208.15
"170",20,4,1993,181,NA,0.37,17.1,7.8,15,1993,1855.80130434783,7.52607185176818,41.15,208.15
"171",18,5,1993,411,NA,1.63,18.3,8,13,1993,1855.80130434783,7.52607185176818,30.94,318.524
"172",18,5,1993,NA,NA,4.82,18.8,NA,6,1993,1855.80130434783,7.52607185176818,30.94,318.524
"173",20,6,1993,96,0.32,0.28,22,8.4,20,1993,1855.80130434783,7.52607185176818,34.75,177.993
"174",19,7,1993,94,0.27,0.56,24.8,8,6,1993,1855.80130434783,7.52607185176818,35.05,114.742
"175",16,8,1993,122,NA,0.59,27,6.7,11,1993,1855.80130434783,7.52607185176818,43.62,132.445
"176",15,9,1993,113,0.2,0.48,24.8,8.1,14,1993,1855.80130434783,7.52607185176818,23.075,125.853
"177",20,10,1993,188,0.18,0.44,19.3,8.9,8,1993,1855.80130434783,7.52607185176818,9.68,233.41
"178",16,11,1993,360,0.21,0.57,12.7,9.4,24,1993,1855.80130434783,7.52607185176818,6.04,345.233
"179",15,12,1993,200,0.13,0.43,12.2,9,6,1993,1855.80130434783,7.52607185176818,4.625,303.619
"180",20,1,1994,736,0.11,0.32,9,11.4,10,1994,2215.232,7.70311241740066,4.5,789.546
"181",15,2,1994,580,0.14,0.3,10,11.1,12,1994,2215.232,7.70311241740066,7.075,494.586
"182",20,3,1994,186,0.17,0.5,14.6,10.3,5,1994,2215.232,7.70311241740066,9.875,270.39
"183",18,4,1994,333,0.21,0.42,14.5,10.1,9,1994,2215.232,7.70311241740066,28.65,305.727
"184",17,5,1994,191,0.16,0.25,18.4,8.4,10,1994,2215.232,7.70311241740066,25.825,208.477
"185",20,6,1994,80,NA,0.48,23.2,8.6,10,1994,2215.232,7.70311241740066,35.2,134.717
"186",17,7,1994,73,NA,0.47,30.4,10.6,9,1994,2215.232,7.70311241740066,27.925,82.323
"187",10,8,1994,89,NA,0.11,27,8.8,8,1994,2215.232,7.70311241740066,47.34,89.252
"188",14,9,1994,62,NA,0.5,27.5,9.9,9,1994,2215.232,7.70311241740066,44.3,83.813
"189",10,10,1994,589,NA,2.82,20.4,8.4,107,1994,2215.232,7.70311241740066,9.175,200.229
"190",20,11,1994,289,NA,0.21,15.6,10,31,1994,2215.232,7.70311241740066,10.66666667,435.402
"191",12,12,1994,170,NA,0.34,13.4,9.7,16,1994,2215.232,7.70311241740066,9.5,210.747
"192",22,1,1995,772,NA,0.3,9,14.2,10,1995,2175.4008,7.68496820240814,3.28,716.858
"193",15,2,1995,346,NA,0.83,12,11,12,1995,2175.4008,7.68496820240814,19.725,349.932
"194",20,3,1995,313,NA,0.56,15,9.5,13,1995,2175.4008,7.68496820240814,18.975,602.853
"195",18,4,1995,112,NA,0.5,20,11.7,16,1995,2175.4008,7.68496820240814,21.75,120.883
"196",16,5,1995,110,NA,0.43,19,9,13,1995,2175.4008,7.68496820240814,62.94,95.719
"197",5,6,1995,NA,NA,NA,24.3,5.5,NA,1995,2175.4008,7.68496820240814,7.55,68.403
"198",20,6,1995,64,NA,2.09,25,7.7,25,1995,2175.4008,7.68496820240814,7.55,68.403
"199",17,7,1995,57,NA,0.8,26,11.2,31,1995,2175.4008,7.68496820240814,59.26,69.216
"200",8,8,1995,70,NA,0.48,22,7.9,13,1995,2175.4008,7.68496820240814,69.575,69.5
"201",17,9,1995,70,NA,2.7,24,7.8,99,1995,2175.4008,7.68496820240814,28.35,65.803
"202",24,10,1995,70,NA,1.18,20.9,7.6,NA,1995,2175.4008,7.68496820240814,9.26,68.726
"203",22,11,1995,106,NA,0.37,16.9,9.2,13,1995,2175.4008,7.68496820240814,2.225,81.017
"204",17,12,1995,102,NA,0.39,12.2,10.1,19,1995,2175.4008,7.68496820240814,3.025,142.934
"205",17,1,1996,1063,NA,0.3,11.3,11.2,24,1996,2731.04545454545,7.91243976525517,2.16,785.005
"206",21,2,1996,930,NA,0.29,8.4,11.4,20,1996,2731.04545454545,7.91243976525517,2.275,906.514
"207",18,3,1996,491,NA,0.62,11,10.6,9,1996,2731.04545454545,7.91243976525517,8.675,557.195
"208",16,4,1996,209,NA,0.31,23.2,10.7,11,1996,2731.04545454545,7.91243976525517,20.4,323.653
"209",14,5,1996,975,NA,0.27,16.8,9.8,25,1996,2731.04545454545,7.91243976525517,23.025,394.066
"210",16,6,1996,132,NA,0.26,24.5,7.9,16,1996,2731.04545454545,7.91243976525517,27.95,268.643
"211",28,6,1996,NA,NA,NA,25,6.4,NA,1996,2731.04545454545,7.91243976525517,27.95,268.643
"212",22,7,1996,98,NA,0.41,25,7.3,5,1996,2731.04545454545,7.91243976525517,6.66,97.765
"213",12,8,1996,86,NA,0.17,25.9,8.5,6,1996,2731.04545454545,7.91243976525517,19.45,110.619
"214",18,9,1996,207,NA,0.18,20.7,8.2,11,1996,2731.04545454545,7.91243976525517,18.46,196.42
"215",16,10,1996,93,NA,0.2,16.7,9.1,2,1996,2731.04545454545,7.91243976525517,10.275,180.413
"216",19,11,1996,230,NA,0.24,14,9.4,12,1996,2731.04545454545,7.91243976525517,2.7,252.49
"217",11,12,1996,1140,NA,0.15,11.1,10.6,36,1996,2731.04545454545,7.91243976525517,5,967.687
"218",14,12,1996,NA,NA,NA,12.2,10.4,NA,1996,2731.04545454545,7.91243976525517,5,967.687
"219",20,1,1997,1121,NA,0.21,8.4,11.9,20,1997,1677.5,7.42505986884584,0.775,1348.803
"220",16,2,1997,725,NA,0.15,11.5,11.7,11,1997,1677.5,7.42505986884584,1,666.068
"221",16,3,1997,281,NA,0.24,14.8,11.3,4,1997,1677.5,7.42505986884584,12.475,290.045
"222",16,4,1997,132,NA,0.16,18.4,8.7,4,1997,1677.5,7.42505986884584,16.24,191.317
"223",18,5,1997,214,NA,0.19,19.3,9,10,1997,1677.5,7.42505986884584,5.45,238.523
"224",15,6,1997,253,NA,0.17,22.5,8.3,7,1997,1677.5,7.42505986884584,15.42,316.57
"225",13,7,1997,147,NA,0.28,24.9,8,3,1997,1677.5,7.42505986884584,9.225,171.829
"226",10,8,1997,132,NA,0.27,26.4,8.6,7,1997,1677.5,7.42505986884584,20.225,182.597
"227",3,9,1997,297,NA,0.12,24.7,7.8,11,1997,1677.5,7.42505986884584,13.14,187.893
"228",14,10,1997,129,NA,0.17,20.1,9.2,4,1997,1677.5,7.42505986884584,27.875,166.768
"229",10,11,1997,281,NA,0.21,19,9.2,7,1997,1677.5,7.42505986884584,5.3,284.447
"230",27,11,1997,NA,NA,NA,NA,NA,NA,1997,1677.5,7.42505986884584,5.3,284.447
"231",10,12,1997,258,NA,0.12,14.4,10.3,7,1997,1677.5,7.42505986884584,1.92,795.044
"232",14,1,1998,703,NA,0.19,9.9,11.3,10,1998,2208.4,7.70002355040989,2.2,628.113
"233",11,2,1998,493,NA,0.19,10.4,11.1,6,1998,2208.4,7.70002355040989,2.975,430.325
"234",16,3,1998,472,NA,0.22,13.6,11.1,4,1998,2208.4,7.70002355040989,29.88,304.935
"235",14,4,1998,267,NA,0.07,16,10.6,8,1998,2208.4,7.70002355040989,28.625,254.457
"236",12,5,1998,410,0.21,0.22,16.9,8.7,20,1998,2208.4,7.70002355040989,9.8,381.332
"237",8,6,1998,407,0.09,0.09,22.4,9,12,1998,2208.4,7.70002355040989,10.8,243.02
"238",23,9,1998,105.4,0,0.22,22.6,7.7,4,1998,2208.4,7.70002355040989,27.325,110.727
"239",2,10,1998,NA,NA,NA,NA,1,NA,1998,2208.4,7.70002355040989,25.65,126.394
"240",20,10,1998,286,0.13,0.19,19,9,11,1998,2208.4,7.70002355040989,25.65,126.394
"241",11,11,1998,117,0.19,0.37,16.8,10.1,6,1998,2208.4,7.70002355040989,8.84,128.76
"242",26,1,1999,289,0.11,0.28,9.5,11.2,7,1999,2743.19285714286,7.91687779730413,3.75,280.258
"243",18,2,1999,445,0.11,0.23,8.9,10.9,5,1999,2743.19285714286,7.91687779730413,14.775,347.279
"244",16,3,1999,241,1.45,0.18,13.1,12.5,10,1999,2743.19285714286,7.91687779730413,23.8,358.587
"245",19,4,1999,155,0.05,0.12,16.3,10.1,9,1999,2743.19285714286,7.91687779730413,74.65,160.68
"246",19,4,1999,NA,0.1,NA,16.1,9.5,7,1999,2743.19285714286,7.91687779730413,74.65,160.68
"247",17,5,1999,203,0.12,0.26,19.6,8.9,8,1999,2743.19285714286,7.91687779730413,14.66,246.758
"248",17,5,1999,203,0.14,NA,20.5,8.3,4,1999,2743.19285714286,7.91687779730413,14.66,246.758
"249",14,6,1999,137,0.05,0.23,22.7,8.2,9,1999,2743.19285714286,7.91687779730413,4.15,140.907
"250",11,7,1999,108,0.05,0.12,26.5,9,6,1999,2743.19285714286,7.91687779730413,7.875,120.077
"251",11,8,1999,105,0.13,0.31,26.3,8.6,8,1999,2743.19285714286,7.91687779730413,24.02,126.735
"252",20,9,1999,129,0.09,0.31,22.6,7.9,4,1999,2743.19285714286,7.91687779730413,13.8,132.803
"253",30,9,1999,NA,NA,NA,24,7.3,NA,1999,2743.19285714286,7.91687779730413,13.8,132.803
"254",19,10,1999,139,0.09,0.28,20.9,8.5,9,1999,2743.19285714286,7.91687779730413,14.725,167.035
"255",16,11,1999,247,0.05,0.18,14.2,8.8,10,1999,2743.19285714286,7.91687779730413,5.72,274.847
"256",16,12,1999,384,0,0.15,10.5,10.6,9,1999,2743.19285714286,7.91687779730413,2.475,347.119
"257",20,1,2000,303,0.05,0.18,8.7,11.6,5,2000,2457.33333333333,7.8068320301216,0.8,300.742
"258",14,2,2000,142,0.09,0.05,12.1,12.9,5,2000,2457.33333333333,7.8068320301216,28.65,156.755
"259",15,3,2000,122,0.1,0.08,14.1,9.4,6,2000,2457.33333333333,7.8068320301216,11.65,115.635
"260",17,4,2000,168,0.13,0.18,14.1,10.1,9,2000,2457.33333333333,7.8068320301216,28.825,272.867
"261",16,5,2000,813,0.19,0.14,18.1,10,24,2000,2457.33333333333,7.8068320301216,9.88,468.929
"262",13,6,2000,451,0.16,0.27,20.7,8.6,29,2000,2457.33333333333,7.8068320301216,11.45,234.777
"263",17,7,2000,103,0.14,0.29,23.6,7.4,5,2000,2457.33333333333,7.8068320301216,2.88,108.494
"264",3,8,2000,89,0.4,1.08,25.3,8.2,3,2000,2457.33333333333,7.8068320301216,12.625,98.619
"265",20,9,2000,110,0.09,0.17,23.6,8.4,6,2000,2457.33333333333,7.8068320301216,16.3,106.56
"266",3,10,2000,NA,NA,NA,21.4,8.78,NA,2000,2457.33333333333,7.8068320301216,8.425,242.666
"267",18,10,2000,87,0.05,0.2,19.6,7.8,6,2000,2457.33333333333,7.8068320301216,8.425,242.666
"268",14,11,2000,241.4,0.05,0.18,15.9,9.4,19,2000,2457.33333333333,7.8068320301216,2.675,327.72
"269",12,12,2000,655,0.09,0.2,13,11,27,2000,2457.33333333333,7.8068320301216,3.15,485.761
"270",23,1,2001,690,0.05,0.07,11,11.2,9,2001,2129.03730769231,7.66342518831548,1.52,791.911
"271",15,2,2001,597,0.05,0.24,10.1,10.7,13,2001,2129.03730769231,7.66342518831548,6.45,698.479
"272",19,3,2001,813,0.05,0.06,13.4,11.5,12,2001,2129.03730769231,7.66342518831548,8.2,939.839
"273",16,4,2001,384,0.05,0.08,16.8,10.2,10,2001,2129.03730769231,7.66342518831548,16.15,319.367
"274",16,5,2001,578,0.05,0.11,19.2,9.2,13,2001,2129.03730769231,7.66342518831548,13.1,468.129
"275",13,6,2001,139,0.05,0.03,24.5,8.5,8,2001,2129.03730769231,7.66342518831548,2.375,167.26
"276",16,7,2001,160,0.05,0.46,22.3,7.5,6,2001,2129.03730769231,7.66342518831548,3.94,134.468
"277",28,8,2001,95.8,0.09,0.12,26.1,7.7,5,2001,2129.03730769231,7.66342518831548,12.86666667,120.026
"278",19,9,2001,98,0.05,0.15,20.8,7.9,4,2001,2129.03730769231,7.66342518831548,8.95,129.543
"279",3,10,2001,184,NA,NA,24.6,8.2,NA,2001,2129.03730769231,7.66342518831548,4.125,118.487
"280",17,10,2001,98,0.11,0.33,21,8.2,3,2001,2129.03730769231,7.66342518831548,4.125,118.487
"281",26,11,2001,142,0.05,0.24,13.6,9.3,3,2001,2129.03730769231,7.66342518831548,2.575,124.253
"282",13,12,2001,87,NA,NA,NA,NA,NA,2001,2129.03730769231,7.66342518831548,3.8,118.319
"283",26,12,2001,162,0.14,0.43,8.5,11.9,1.5,2001,2129.03730769231,7.66342518831548,3.8,118.319
"284",9,1,2002,170,NA,NA,NA,NA,NA,2002,1322.03903225806,7.18693054513316,2.025,106.023
"285",14,1,2002,85,NA,NA,NA,NA,NA,2002,1322.03903225806,7.18693054513316,2.025,106.023
"286",21,1,2002,87,NA,NA,10.3,11.2,NA,2002,1322.03903225806,7.18693054513316,2.025,106.023
"287",21,1,2002,87,0.05,0.22,10.6,10.3,3,2002,1322.03903225806,7.18693054513316,2.025,106.023
"288",18,2,2002,93,NA,NA,11.2,10.4,NA,2002,1322.03903225806,7.18693054513316,8.9125,91.886
"289",18,2,2002,93,0.05,0.07,11.5,11.1,5,2002,1322.03903225806,7.18693054513316,8.9125,91.886
"290",18,3,2002,107,0.05,0.11,14.7,9.7,7,2002,1322.03903225806,7.18693054513316,3.8675,150.032
"291",18,3,2002,107,NA,NA,14.8,10.4,NA,2002,1322.03903225806,7.18693054513316,3.8675,150.032
"292",9,4,2002,165,NA,NA,NA,NA,NA,2002,1322.03903225806,7.18693054513316,3.174,156.31
"293",15,4,2002,214,0.05,0.14,15.9,9.8,7,2002,1322.03903225806,7.18693054513316,3.174,156.31
"294",15,4,2002,124,NA,NA,13.9,10.7,NA,2002,1322.03903225806,7.18693054513316,3.174,156.31
"295",22,4,2002,208,NA,NA,NA,NA,NA,2002,1322.03903225806,7.18693054513316,3.174,156.31
"296",13,5,2002,208,NA,NA,NA,NA,NA,2002,1322.03903225806,7.18693054513316,1.1375,184.719
"297",13,5,2002,134,0.05,0.08,19,9,1.5,2002,1322.03903225806,7.18693054513316,1.1375,184.719
"298",13,5,2002,136,NA,NA,19.6,7.5,NA,2002,1322.03903225806,7.18693054513316,1.1375,184.719
"299",27,5,2002,168,NA,NA,NA,NA,NA,2002,1322.03903225806,7.18693054513316,1.1375,184.719
"300",10,6,2002,136,NA,NA,NA,NA,NA,2002,1322.03903225806,7.18693054513316,1.366666667,125.637
"301",10,6,2002,130,NA,NA,20.3,7.5,NA,2002,1322.03903225806,7.18693054513316,1.366666667,125.637
"302",10,6,2002,130,0.05,0.11,21.3,8.6,6,2002,1322.03903225806,7.18693054513316,1.366666667,125.637
"303",24,6,2002,184,NA,NA,NA,NA,NA,2002,1322.03903225806,7.18693054513316,1.366666667,125.637
"304",10,7,2002,184,NA,NA,NA,NA,NA,2002,1322.03903225806,7.18693054513316,2.56,121.171
"305",14,7,2002,104,NA,NA,21.3,8,NA,2002,1322.03903225806,7.18693054513316,2.56,121.171
"306",14,7,2002,104,0.05,0.12,22.1,9.2,1.5,2002,1322.03903225806,7.18693054513316,2.56,121.171
"307",23,7,2002,365,NA,NA,NA,NA,NA,2002,1322.03903225806,7.18693054513316,2.56,121.171
"308",12,8,2002,115,NA,NA,23.5,7.7,NA,2002,1322.03903225806,7.18693054513316,2.725,126.032
"309",12,8,2002,115,0.05,0.18,24,8.3,5,2002,1322.03903225806,7.18693054513316,2.725,126.032
"310",14,8,2002,158,NA,NA,NA,NA,NA,2002,1322.03903225806,7.18693054513316,2.725,126.032
"311",26,8,2002,239,NA,NA,NA,NA,NA,2002,1322.03903225806,7.18693054513316,2.725,126.032
"312",9,9,2002,181,NA,NA,NA,NA,NA,2002,1322.03903225806,7.18693054513316,4.7675,142.403
"313",16,9,2002,145,NA,NA,23.3,7.2,NA,2002,1322.03903225806,7.18693054513316,4.7675,142.403
"314",16,9,2002,145,0.11,0.1,23.5,8.5,13,2002,1322.03903225806,7.18693054513316,4.7675,142.403
"315",24,9,2002,128,NA,NA,NA,NA,NA,2002,1322.03903225806,7.18693054513316,4.7675,142.403
"316",7,10,2002,311,NA,NA,NA,NA,NA,2002,1322.03903225806,7.18693054513316,2.58,114.248
"317",21,10,2002,107,NA,NA,NA,NA,NA,2002,1322.03903225806,7.18693054513316,2.58,114.248
"318",22,10,2002,136,0.11,0.23,20.2,8.3,4,2002,1322.03903225806,7.18693054513316,2.58,114.248
"319",22,10,2002,136,NA,NA,20.5,7.9,NA,2002,1322.03903225806,7.18693054513316,2.58,114.248
"320",11,11,2002,194,NA,NA,NA,NA,NA,2002,1322.03903225806,7.18693054513316,1.9875,107.243
"321",20,11,2002,135,0.11,0.22,15.2,8.5,5,2002,1322.03903225806,7.18693054513316,1.9875,107.243
"322",25,11,2002,88,NA,NA,NA,NA,NA,2002,1322.03903225806,7.18693054513316,1.9875,107.243
"323",11,12,2002,249,NA,NA,NA,NA,NA,2002,1322.03903225806,7.18693054513316,3.33,556.531
"324",11,12,2002,836,0.05,0.35,14.4,10.2,7,2002,1322.03903225806,7.18693054513316,3.33,556.531
"325",23,12,2002,91,NA,NA,NA,NA,NA,2002,1322.03903225806,7.18693054513316,3.33,556.531
"326",14,1,2003,523,NA,NA,NA,NA,NA,2003,1323.76409090909,7.18823454154949,1.342,531.439
"327",21,1,2003,313,0.05,0.18,10.5,10.9,4,2003,1323.76409090909,7.18823454154949,1.342,531.439
"328",29,1,2003,552,NA,NA,NA,NA,NA,2003,1323.76409090909,7.18823454154949,1.342,531.439
"329",13,2,2003,976,NA,NA,NA,NA,NA,2003,1323.76409090909,7.18823454154949,3.2125,1078.048
"330",19,2,2003,859,0.05,0.17,7.5,11.8,11,2003,1323.76409090909,7.18823454154949,3.2125,1078.048
"331",24,2,2003,591,NA,NA,NA,NA,NA,2003,1323.76409090909,7.18823454154949,3.2125,1078.048
"332",11,3,2003,915,NA,NA,NA,NA,NA,2003,1323.76409090909,7.18823454154949,5.5425,816.598
"333",18,3,2003,500,0.05,0.05,12,11.2,6,2003,1323.76409090909,7.18823454154949,5.5425,816.598
"334",27,3,2003,317,NA,NA,NA,NA,NA,2003,1323.76409090909,7.18823454154949,5.5425,816.598
"335",7,4,2003,370,NA,NA,NA,NA,NA,2003,1323.76409090909,7.18823454154949,9.675,362.239
"336",21,4,2003,261,0.05,0.09,17.5,9.9,6,2003,1323.76409090909,7.18823454154949,9.675,362.239
"337",22,4,2003,296,NA,NA,NA,NA,NA,2003,1323.76409090909,7.18823454154949,9.675,362.239
"338",12,5,2003,1085,NA,NA,NA,NA,NA,2003,1323.76409090909,7.18823454154949,4.34,602.919
"339",20,5,2003,597,0.09,0.12,19,8.6,5,2003,1323.76409090909,7.18823454154949,4.34,602.919
"340",28,5,2003,188,NA,NA,NA,NA,NA,2003,1323.76409090909,7.18823454154949,4.34,602.919
"341",9,6,2003,168,NA,NA,NA,NA,NA,2003,1323.76409090909,7.18823454154949,2.224,142.75
"342",16,6,2003,155,0.05,0.22,26.3,8.3,9,2003,1323.76409090909,7.18823454154949,2.224,142.75
"343",23,6,2003,130,NA,NA,NA,NA,NA,2003,1323.76409090909,7.18823454154949,2.224,142.75
"344",14,7,2003,134,NA,NA,NA,NA,NA,2003,1323.76409090909,7.18823454154949,3.9875,115.59
"345",15,7,2003,145,0.05,0.06,26.8,8.2,1.5,2003,1323.76409090909,7.18823454154949,3.9875,115.59
"346",28,7,2003,120,NA,NA,NA,NA,NA,2003,1323.76409090909,7.18823454154949,3.9875,115.59
"347",6,8,2003,124,0.09,0.06,27.8,7.9,7,2003,1323.76409090909,7.18823454154949,4.6925,106.158
"348",13,8,2003,97,NA,NA,NA,NA,NA,2003,1323.76409090909,7.18823454154949,4.6925,106.158
"349",25,8,2003,108,NA,NA,NA,NA,NA,2003,1323.76409090909,7.18823454154949,4.6925,106.158
"350",10,9,2003,94,NA,NA,NA,NA,NA,2003,1323.76409090909,7.18823454154949,4.606,135.008
"351",17,9,2003,134,0.05,0.14,24.1,8.9,3,2003,1323.76409090909,7.18823454154949,4.606,135.008
"352",22,9,2003,138,NA,NA,NA,NA,NA,2003,1323.76409090909,7.18823454154949,4.606,135.008
"353",17,10,2003,217,NA,NA,NA,NA,NA,2003,1323.76409090909,7.18823454154949,3.1275,184.375
"354",21,10,2003,226,0.05,0.15,20.6,7.8,5,2003,1323.76409090909,7.18823454154949,3.1275,184.375
"355",30,10,2003,237,NA,NA,NA,NA,NA,2003,1323.76409090909,7.18823454154949,3.1275,184.375
"356",10,11,2003,334,NA,NA,NA,NA,NA,2003,1323.76409090909,7.18823454154949,1.1525,495.084
"357",17,11,2003,364,0.05,0.46,15.7,8.5,36,2003,1323.76409090909,7.18823454154949,1.1525,495.084
"358",25,11,2003,562,NA,NA,NA,NA,NA,2003,1323.76409090909,7.18823454154949,1.1525,495.084
"359",12,12,2003,781,NA,NA,12.8,NA,NA,2003,1323.76409090909,7.18823454154949,0.758,669.703
"360",16,12,2003,581,0.05,0.03,12.2,10.6,17,2003,1323.76409090909,7.18823454154949,0.758,669.703
"361",18,12,2003,610,NA,NA,12,NA,NA,2003,1323.76409090909,7.18823454154949,0.758,669.703
"362",23,12,2003,463,NA,NA,10.5,NA,NA,2003,1323.76409090909,7.18823454154949,0.758,669.703
"363",12,1,2004,664,NA,NA,9.7,NA,NA,2004,1375.44608695652,7.22653338436312,1.52,716.594
"364",20,1,2004,616,0.05,0.14,10,11.4,7,2004,1375.44608695652,7.22653338436312,1.52,716.594
"365",22,1,2004,538,NA,NA,9.8,NA,NA,2004,1375.44608695652,7.22653338436312,1.52,716.594
"366",28,1,2004,836,NA,NA,8.8,NA,NA,2004,1375.44608695652,7.22653338436312,1.52,716.594
"367",13,2,2004,407,NA,NA,11,NA,NA,2004,1375.44608695652,7.22653338436312,2.08,504.269
"368",16,2,2004,399,0.05,0.17,10.6,10.7,3,2004,1375.44608695652,7.22653338436312,2.08,504.269
"369",20,2,2004,416,NA,NA,9.9,NA,NA,2004,1375.44608695652,7.22653338436312,2.08,504.269
"370",26,2,2004,346,NA,NA,10.8,NA,NA,2004,1375.44608695652,7.22653338436312,2.08,504.269
"371",10,3,2004,752,NA,NA,10.6,NA,NA,2004,1375.44608695652,7.22653338436312,8.292,655.342
"372",15,3,2004,771,0.05,0.03,10.7,10.9,6,2004,1375.44608695652,7.22653338436312,8.292,655.342
"373",18,3,2004,758,NA,NA,10.1,NA,NA,2004,1375.44608695652,7.22653338436312,8.292,655.342
"374",24,3,2004,661,NA,NA,11.2,NA,NA,2004,1375.44608695652,7.22653338436312,8.292,655.342
"375",15,4,2004,742,NA,NA,13.3,NA,NA,2004,1375.44608695652,7.22653338436312,6.23,690.638
"376",20,4,2004,610,0.05,0.06,14.5,9.7,5,2004,1375.44608695652,7.22653338436312,6.23,690.638
"377",22,4,2004,674,NA,NA,13.7,NA,NA,2004,1375.44608695652,7.22653338436312,6.23,690.638
"378",27,4,2004,591,NA,NA,17.3,NA,NA,2004,1375.44608695652,7.22653338436312,6.23,690.638
"379",12,5,2004,962,NA,NA,15.5,NA,NA,2004,1375.44608695652,7.22653338436312,2.696,699.508
"380",17,5,2004,826,0.1,0.03,18,9.5,7,2004,1375.44608695652,7.22653338436312,2.696,699.508
"381",20,5,2004,849,NA,NA,18.2,NA,NA,2004,1375.44608695652,7.22653338436312,2.696,699.508
"382",24,5,2004,273,NA,NA,NA,NA,NA,2004,1375.44608695652,7.22653338436312,2.696,699.508
"383",26,5,2004,302,NA,NA,20.2,NA,NA,2004,1375.44608695652,7.22653338436312,2.696,699.508
"384",11,6,2004,135,NA,NA,24.3,NA,NA,2004,1375.44608695652,7.22653338436312,2.725,224.506
"385",18,6,2004,284,NA,NA,25.3,NA,NA,2004,1375.44608695652,7.22653338436312,2.725,224.506
"386",22,6,2004,183,0.12,0.26,23.7,8.2,4,2004,1375.44608695652,7.22653338436312,2.725,224.506
"387",24,6,2004,130,NA,NA,26.3,NA,NA,2004,1375.44608695652,7.22653338436312,2.725,224.506
"388",14,7,2004,127,NA,NA,24.2,NA,NA,2004,1375.44608695652,7.22653338436312,2.4925,140.696
"389",21,7,2004,168,0.05,0.16,25.3,8.9,1.5,2004,1375.44608695652,7.22653338436312,2.4925,140.696
"390",22,7,2004,141,NA,NA,26.6,NA,NA,2004,1375.44608695652,7.22653338436312,2.4925,140.696
"391",27,7,2004,141,NA,NA,24.3,NA,NA,2004,1375.44608695652,7.22653338436312,2.4925,140.696
"392",12,8,2004,163,NA,NA,24.8,NA,NA,2004,1375.44608695652,7.22653338436312,2.434,155.74
"393",19,8,2004,151,NA,NA,25.4,NA,NA,2004,1375.44608695652,7.22653338436312,2.434,155.74
"394",26,8,2004,114,NA,NA,25.8,NA,NA,2004,1375.44608695652,7.22653338436312,2.434,155.74
"395",30,8,2004,130,0.1,0.18,25.6,7.9,4,2004,1375.44608695652,7.22653338436312,2.434,155.74
"396",14,9,2004,151,NA,NA,25.5,NA,NA,2004,1375.44608695652,7.22653338436312,1.89,193.701
"397",15,9,2004,393,0.1,0.28,22,7.2,4,2004,1375.44608695652,7.22653338436312,1.89,193.701
"398",23,9,2004,151,NA,NA,24.9,NA,NA,2004,1375.44608695652,7.22653338436312,1.89,193.701
"399",29,9,2004,276,NA,NA,24.3,NA,NA,2004,1375.44608695652,7.22653338436312,1.89,193.701
"400",14,10,2004,202,NA,NA,21.8,NA,NA,2004,1375.44608695652,7.22653338436312,1.42,165.572
"401",20,10,2004,138,0.05,0.24,22,8.1,1.5,2004,1375.44608695652,7.22653338436312,1.42,165.572
"402",21,10,2004,127,NA,NA,22,NA,NA,2004,1375.44608695652,7.22653338436312,1.42,165.572
"403",27,10,2004,223,NA,NA,17.1,NA,NA,2004,1375.44608695652,7.22653338436312,1.42,165.572
"404",11,11,2004,NA,NA,NA,14.9,NA,NA,2004,1375.44608695652,7.22653338436312,2.2925,187.361
"405",17,11,2004,NA,NA,NA,13.6,NA,NA,2004,1375.44608695652,7.22653338436312,2.2925,187.361
"406",17,11,2004,249,0.09,0.32,14.2,9.8,4,2004,1375.44608695652,7.22653338436312,2.2925,187.361
"407",25,11,2004,NA,NA,NA,13.6,NA,NA,2004,1375.44608695652,7.22653338436312,2.2925,187.361
"408",13,12,2004,130,0.05,0.1,12.1,9.6,2.5,2004,1375.44608695652,7.22653338436312,0.903333333,180.43
"409",17,12,2004,NA,NA,NA,12.4,NA,NA,2004,1375.44608695652,7.22653338436312,0.903333333,180.43
"410",23,12,2004,NA,NA,NA,12.5,NA,NA,2004,1375.44608695652,7.22653338436312,0.903333333,180.43
"411",28,12,2004,NA,NA,NA,9.9,NA,NA,2004,1375.44608695652,7.22653338436312,0.903333333,180.43
"412",NA,NA,1965,NA,NA,NA,NA,NA,NA,1965,6541.33333333333,8.78589629727021,NA,NA
"413",NA,NA,1966,NA,NA,NA,NA,NA,NA,1966,7224.86666666667,8.88528405836975,NA,NA
"414",NA,NA,1967,NA,NA,NA,NA,NA,NA,1967,9286.33333333333,9.136299064267,NA,NA
"415",NA,NA,1968,NA,NA,NA,NA,NA,NA,1968,8156.06666666667,9.00651730560241,NA,NA
"416",NA,NA,1969,NA,NA,NA,NA,NA,NA,1969,10781.2,9.28555915552186,NA,NA
"417",NA,NA,1970,NA,NA,NA,NA,NA,NA,1970,19910.2142857143,9.89898815971827,NA,NA
"418",NA,NA,1971,NA,NA,NA,NA,NA,NA,1971,11353.5714285714,9.33728763672369,NA,NA
"419",NA,NA,1972,NA,NA,NA,NA,NA,NA,1972,8032.78571428571,8.99128666014089,NA,NA
"420",NA,NA,1973,NA,NA,NA,NA,NA,NA,1973,8771.64285714286,9.07927939474894,NA,NA
"421",NA,NA,1974,NA,NA,NA,NA,NA,NA,1974,9363.92857142857,9.1446202005839,NA,NA
"422",NA,NA,1975,NA,NA,NA,NA,NA,NA,1975,7504.5,8.92325811959637,NA,NA
"423",NA,NA,1976,NA,NA,NA,NA,NA,NA,1976,7640.5,8.94121832504531,NA,NA
"424",NA,NA,1977,NA,NA,NA,NA,NA,NA,1977,8488.11764705882,9.04642254059583,NA,NA
"425",NA,NA,1978,NA,NA,NA,NA,NA,NA,1978,7179.35294117647,8.87896453836795,NA,NA
"426",NA,NA,1979,NA,NA,NA,NA,NA,NA,1979,4942.61538461538,8.50564990016739,NA,NA
"427",NA,NA,2005,NA,NA,NA,NA,NA,NA,2005,1273.698,7.14967975936601,NA,NA
"428",NA,NA,2006,NA,NA,NA,NA,NA,NA,2006,1913.8132,7.55685297059382,NA,NA
"429",NA,NA,2007,NA,NA,NA,NA,NA,NA,2007,1636.24538461538,7.40015949651143,NA,NA
"430",NA,NA,2008,NA,NA,NA,NA,NA,NA,2008,3228.32727272727,8.07971940985391,NA,NA
"431",NA,NA,2009,NA,NA,NA,NA,NA,NA,2009,1722.28857142857,7.45140925017466,NA,NA
"432",NA,NA,2010,NA,NA,NA,NA,NA,NA,2010,1605.69227272727,7.38131026514278,NA,NA
"433",NA,1,1912,NA,NA,NA,NA,NA,NA,NA,NA,NA,NA,NA
"434",NA,3,1912,NA,NA,NA,NA,NA,NA,NA,NA,NA,NA,NA
"435",NA,4,1912,NA,NA,NA,NA,NA,NA,NA,NA,NA,NA,NA
"436",NA,5,1912,NA,NA,NA,NA,NA,NA,NA,NA,NA,NA,NA
"437",NA,6,1912,NA,NA,NA,NA,NA,NA,NA,NA,NA,NA,NA
"438",NA,7,1912,NA,NA,NA,NA,NA,NA,NA,NA,NA,NA,NA
"439",NA,8,1912,NA,NA,NA,NA,NA,NA,NA,NA,NA,NA,NA
"440",NA,9,1912,NA,NA,NA,NA,NA,NA,NA,NA,NA,NA,NA
"441",NA,10,1912,NA,NA,NA,NA,NA,NA,NA,NA,NA,NA,NA
"442",NA,11,1912,NA,NA,NA,NA,NA,NA,NA,NA,NA,NA,NA
"443",NA,12,1912,NA,NA,NA,NA,NA,NA,NA,NA,NA,NA,NA
"444",NA,1,1913,NA,NA,NA,NA,NA,NA,NA,NA,NA,NA,243.208
"445",NA,2,1913,NA,NA,NA,NA,NA,NA,NA,NA,NA,NA,333.804
"446",NA,3,1913,NA,NA,NA,NA,NA,NA,NA,NA,NA,NA,428.668
"447",NA,4,1913,NA,NA,NA,NA,NA,NA,NA,NA,NA,NA,NA
"448",NA,5,1913,NA,NA,NA,NA,NA,NA,NA,NA,NA,NA,1169.721
"449",NA,6,1913,NA,NA,NA,NA,NA,NA,NA,NA,NA,NA,726.49
"450",NA,7,1913,NA,NA,NA,NA,NA,NA,NA,NA,NA,NA,235.071
"451",NA,8,1913,NA,NA,NA,NA,NA,NA,NA,NA,NA,NA,196.199
"452",NA,9,1913,NA,NA,NA,NA,NA,NA,NA,NA,NA,NA,311.132
"453",NA,10,1913,NA,NA,NA,NA,NA,NA,NA,NA,NA,NA,938.464
"454",NA,11,1913,NA,NA,NA,NA,NA,NA,NA,NA,NA,NA,966.6
"455",NA,12,1913,NA,NA,NA,NA,NA,NA,NA,NA,NA,NA,594.192
"456",NA,1,1914,NA,NA,NA,NA,NA,NA,NA,NA,NA,NA,595.83
"457",NA,2,1914,NA,NA,NA,NA,NA,NA,NA,NA,NA,NA,690.396
"458",NA,3,1914,NA,NA,NA,NA,NA,NA,NA,NA,NA,NA,1000.655
"459",NA,4,1914,NA,NA,NA,NA,NA,NA,NA,NA,NA,NA,612.919
"460",NA,5,1914,NA,NA,NA,NA,NA,NA,NA,NA,NA,NA,687.973
"461",NA,6,1914,NA,NA,NA,NA,NA,NA,NA,NA,NA,NA,611.117
"462",NA,7,1914,NA,NA,NA,NA,NA,NA,NA,NA,NA,NA,516.703
"463",NA,8,1914,NA,NA,NA,NA,NA,NA,NA,NA,NA,NA,284.973
"464",NA,9,1914,NA,NA,NA,NA,NA,NA,NA,NA,NA,NA,327.677
"465",NA,10,1914,NA,NA,NA,NA,NA,NA,NA,NA,NA,NA,207.83
"466",NA,11,1914,NA,NA,NA,NA,NA,NA,NA,NA,NA,NA,562.692
"467",NA,12,1914,NA,NA,NA,NA,NA,NA,NA,NA,NA,NA,585.79
"468",NA,1,1915,NA,NA,NA,NA,NA,NA,NA,NA,NA,NA,1344.629
"469",NA,2,1915,NA,NA,NA,NA,NA,NA,NA,NA,NA,NA,1235.035
"470",NA,3,1915,NA,NA,NA,NA,NA,NA,NA,NA,NA,NA,1277.113
"471",NA,4,1915,NA,NA,NA,NA,NA,NA,NA,NA,NA,NA,1610.269
"472",NA,5,1915,NA,NA,NA,NA,NA,NA,NA,NA,NA,NA,2143.872
"473",NA,6,1915,NA,NA,NA,NA,NA,NA,NA,NA,NA,NA,1647.589
"474",NA,7,1915,NA,NA,NA,NA,NA,NA,NA,NA,NA,NA,550.211
"475",NA,8,1915,NA,NA,NA,NA,NA,NA,NA,NA,NA,NA,282.581
"476",NA,9,1915,NA,NA,NA,NA,NA,NA,NA,NA,NA,NA,312.67
"477",NA,10,1915,NA,NA,NA,NA,NA,NA,NA,NA,NA,NA,570.466
"478",NA,11,1915,NA,NA,NA,NA,NA,NA,NA,NA,NA,NA,857.633
"479",NA,12,1915,NA,NA,NA,NA,NA,NA,NA,NA,NA,NA,1171.485
"480",NA,1,1916,NA,NA,NA,NA,NA,NA,NA,NA,NA,NA,623.921
"481",NA,2,1916,NA,NA,NA,NA,NA,NA,NA,NA,NA,NA,1311.077
"482",NA,3,1916,NA,NA,NA,NA,NA,NA,NA,NA,NA,NA,2471.831
"483",NA,4,1916,NA,NA,NA,NA,NA,NA,NA,NA,NA,NA,1253.474
"484",NA,5,1916,NA,NA,NA,NA,NA,NA,NA,NA,NA,NA,1081.516
"485",NA,6,1916,NA,NA,NA,NA,NA,NA,NA,NA,NA,NA,521.017
"486",NA,7,1916,NA,NA,NA,NA,NA,NA,NA,NA,NA,NA,314.168
"487",NA,8,1916,NA,NA,NA,NA,NA,NA,NA,NA,NA,NA,214.943
"488",NA,9,1916,NA,NA,NA,NA,NA,NA,NA,NA,NA,NA,204.078
"489",NA,10,1916,NA,NA,NA,NA,NA,NA,NA,NA,NA,NA,218.542
"490",NA,11,1916,NA,NA,NA,NA,NA,NA,NA,NA,NA,NA,443.172
"491",NA,12,1916,NA,NA,NA,NA,NA,NA,NA,NA,NA,NA,1357.515
"492",NA,1,1917,NA,NA,NA,NA,NA,NA,NA,NA,NA,NA,768.761
"493",NA,2,1917,NA,NA,NA,NA,NA,NA,NA,NA,NA,NA,1139.649
"494",NA,3,1917,NA,NA,NA,NA,NA,NA,NA,NA,NA,NA,1039.684
"495",NA,4,1917,NA,NA,NA,NA,NA,NA,NA,NA,NA,NA,1179.865
"496",NA,5,1917,NA,NA,NA,NA,NA,NA,NA,NA,NA,NA,1607.322
"497",NA,6,1917,NA,NA,NA,NA,NA,NA,NA,NA,NA,NA,925.318
"498",NA,7,1917,NA,NA,NA,NA,NA,NA,NA,NA,NA,NA,329.716
"499",NA,8,1917,NA,NA,NA,NA,NA,NA,NA,NA,NA,NA,213.348
"500",NA,9,1917,NA,NA,NA,NA,NA,NA,NA,NA,NA,NA,NA
"501",NA,10,1917,NA,NA,NA,NA,NA,NA,NA,NA,NA,NA,213.715
"502",NA,11,1917,NA,NA,NA,NA,NA,NA,NA,NA,NA,NA,398.362
"503",NA,12,1917,NA,NA,NA,NA,NA,NA,NA,NA,NA,NA,389.321
"504",NA,1,1918,NA,NA,NA,NA,NA,NA,NA,NA,NA,NA,752.419
"505",NA,2,1918,NA,NA,NA,NA,NA,NA,NA,NA,NA,NA,360.224
"506",NA,3,1918,NA,NA,NA,NA,NA,NA,NA,NA,NA,NA,577.451
"507",NA,4,1918,NA,NA,NA,NA,NA,NA,NA,NA,NA,NA,1000.014
"508",NA,5,1918,NA,NA,NA,NA,NA,NA,NA,NA,NA,NA,671.419
"509",NA,6,1918,NA,NA,NA,NA,NA,NA,NA,NA,NA,NA,487.565
"510",NA,7,1918,NA,NA,NA,NA,NA,NA,NA,NA,NA,NA,282.233
"511",NA,8,1918,NA,NA,NA,NA,NA,NA,NA,NA,NA,NA,186.735
"512",NA,9,1918,NA,NA,NA,NA,NA,NA,NA,NA,NA,NA,220.183
"513",NA,10,1918,NA,NA,NA,NA,NA,NA,NA,NA,NA,NA,463.487
"514",NA,11,1918,NA,NA,NA,NA,NA,NA,NA,NA,NA,NA,581.81
"515",NA,12,1918,NA,NA,NA,NA,NA,NA,NA,NA,NA,NA,547.075
"516",NA,1,1919,NA,NA,NA,NA,NA,NA,NA,NA,NA,NA,1002.755
"517",NA,2,1919,NA,NA,NA,NA,NA,NA,NA,NA,NA,NA,NA
"518",NA,3,1919,NA,NA,NA,NA,NA,NA,NA,NA,NA,NA,1203.627
"519",NA,4,1919,NA,NA,NA,NA,NA,NA,NA,NA,NA,NA,1463.068
"520",NA,5,1919,NA,NA,NA,NA,NA,NA,NA,NA,NA,NA,906.596
"521",NA,6,1919,NA,NA,NA,NA,NA,NA,NA,NA,NA,NA,840.962
"522",NA,7,1919,NA,NA,NA,NA,NA,NA,NA,NA,NA,NA,321.502
"523",NA,8,1919,NA,NA,NA,NA,NA,NA,NA,NA,NA,NA,220.634
"524",NA,9,1919,NA,NA,NA,NA,NA,NA,NA,NA,NA,NA,270.871
"525",NA,10,1919,NA,NA,NA,NA,NA,NA,NA,NA,NA,NA,742.037
"526",NA,11,1919,NA,NA,NA,NA,NA,NA,NA,NA,NA,NA,1325.124
"527",NA,12,1919,NA,NA,NA,NA,NA,NA,NA,NA,NA,NA,861.801
"528",NA,1,1920,NA,NA,NA,NA,NA,NA,NA,NA,NA,NA,714.755
"529",NA,2,1920,NA,NA,NA,NA,NA,NA,NA,NA,NA,NA,552.656
"530",NA,3,1920,NA,NA,NA,NA,NA,NA,NA,NA,NA,NA,1045.247
"531",NA,4,1920,NA,NA,NA,NA,NA,NA,NA,NA,NA,NA,850.012
"532",NA,5,1920,NA,NA,NA,NA,NA,NA,NA,NA,NA,NA,662.191
"533",NA,6,1920,NA,NA,NA,NA,NA,NA,NA,NA,NA,NA,419.85
"534",NA,7,1920,NA,NA,NA,NA,NA,NA,NA,NA,NA,NA,304.695
"535",NA,8,1920,NA,NA,NA,NA,NA,NA,NA,NA,NA,NA,199.011
"536",NA,9,1920,NA,NA,NA,NA,NA,NA,NA,NA,NA,NA,212.976
"537",NA,10,1920,NA,NA,NA,NA,NA,NA,NA,NA,NA,NA,400.184
"538",NA,11,1920,NA,NA,NA,NA,NA,NA,NA,NA,NA,NA,460.981
"539",NA,12,1920,NA,NA,NA,NA,NA,NA,NA,NA,NA,NA,662.116
"540",NA,1,1921,NA,NA,NA,NA,NA,NA,NA,NA,NA,NA,577.109
"541",NA,2,1921,NA,NA,NA,NA,NA,NA,NA,NA,NA,NA,523.378
"542",NA,3,1921,NA,NA,NA,NA,NA,NA,NA,NA,NA,NA,419.036
"543",NA,4,1921,NA,NA,NA,NA,NA,NA,NA,NA,NA,NA,371.148
"544",NA,5,1921,NA,NA,NA,NA,NA,NA,NA,NA,NA,NA,NA
"545",NA,6,1921,NA,NA,NA,NA,NA,NA,NA,NA,NA,NA,996.785
"546",NA,7,1921,NA,NA,NA,NA,NA,NA,NA,NA,NA,NA,250.191
"547",NA,8,1921,NA,NA,NA,NA,NA,NA,NA,NA,NA,NA,239.899
"548",NA,9,1921,NA,NA,NA,NA,NA,NA,NA,NA,NA,NA,335.434
"549",NA,10,1921,NA,NA,NA,NA,NA,NA,NA,NA,NA,NA,302.58
"550",NA,11,1921,NA,NA,NA,NA,NA,NA,NA,NA,NA,NA,224.773
"551",NA,12,1921,NA,NA,NA,NA,NA,NA,NA,NA,NA,NA,423.428
"552",NA,1,1922,NA,NA,NA,NA,NA,NA,NA,NA,NA,NA,708.827
"553",NA,2,1922,NA,NA,NA,NA,NA,NA,NA,NA,NA,NA,875.623
"554",NA,3,1922,NA,NA,NA,NA,NA,NA,NA,NA,NA,NA,704.289
"555",NA,4,1922,NA,NA,NA,NA,NA,NA,NA,NA,NA,NA,1149.616
"556",NA,5,1922,NA,NA,NA,NA,NA,NA,NA,NA,NA,NA,830.642
"557",NA,6,1922,NA,NA,NA,NA,NA,NA,NA,NA,NA,NA,662.799
"558",NA,7,1922,NA,NA,NA,NA,NA,NA,NA,NA,NA,NA,251.846
"559",NA,8,1922,NA,NA,NA,NA,NA,NA,NA,NA,NA,NA,189.76
"560",NA,9,1922,NA,NA,NA,NA,NA,NA,NA,NA,NA,NA,206.675
"561",NA,10,1922,NA,NA,NA,NA,NA,NA,NA,NA,NA,NA,264.148
"562",NA,11,1922,NA,NA,NA,NA,NA,NA,NA,NA,NA,NA,432.578
"563",NA,12,1922,NA,NA,NA,NA,NA,NA,NA,NA,NA,NA,235.959
"564",NA,1,1923,NA,NA,NA,NA,NA,NA,NA,NA,NA,NA,480.855
"565",NA,2,1923,NA,NA,NA,NA,NA,NA,NA,NA,NA,NA,548.657
"566",NA,3,1923,NA,NA,NA,NA,NA,NA,NA,NA,NA,NA,954.377
"567",NA,4,1923,NA,NA,NA,NA,NA,NA,NA,NA,NA,NA,726.093
"568",NA,5,1923,NA,NA,NA,NA,NA,NA,NA,NA,NA,NA,526.442
"569",NA,6,1923,NA,NA,NA,NA,NA,NA,NA,NA,NA,NA,391.003
"570",NA,7,1923,NA,NA,NA,NA,NA,NA,NA,NA,NA,NA,609.232
"571",NA,8,1923,NA,NA,NA,NA,NA,NA,NA,NA,NA,NA,184.927
"572",NA,9,1923,NA,NA,NA,NA,NA,NA,NA,NA,NA,NA,305.945
"573",NA,10,1923,NA,NA,NA,NA,NA,NA,NA,NA,NA,NA,203.694
"574",NA,11,1923,NA,NA,NA,NA,NA,NA,NA,NA,NA,NA,NA
"575",NA,12,1923,NA,NA,NA,NA,NA,NA,NA,NA,NA,NA,1122.248
"576",NA,1,1924,NA,NA,NA,NA,NA,NA,NA,NA,NA,NA,822.951
"577",NA,2,1924,NA,NA,NA,NA,NA,NA,NA,NA,NA,NA,540.119
"578",NA,3,1924,NA,NA,NA,NA,NA,NA,NA,NA,NA,NA,693.203
"579",NA,4,1924,NA,NA,NA,NA,NA,NA,NA,NA,NA,NA,856.099
"580",NA,5,1924,NA,NA,NA,NA,NA,NA,NA,NA,NA,NA,484.297
"581",NA,6,1924,NA,NA,NA,NA,NA,NA,NA,NA,NA,NA,284.702
"582",NA,7,1924,NA,NA,NA,NA,NA,NA,NA,NA,NA,NA,194.383
"583",NA,8,1924,NA,NA,NA,NA,NA,NA,NA,NA,NA,NA,181.962
"584",NA,9,1924,NA,NA,NA,NA,NA,NA,NA,NA,NA,NA,199.252
"585",NA,10,1924,NA,NA,NA,NA,NA,NA,NA,NA,NA,NA,214.079
"586",NA,11,1924,NA,NA,NA,NA,NA,NA,NA,NA,NA,NA,277.684
"587",NA,12,1924,NA,NA,NA,NA,NA,NA,NA,NA,NA,NA,474.21
"588",NA,1,1925,NA,NA,NA,NA,NA,NA,NA,NA,NA,NA,259.131
"589",NA,2,1925,NA,NA,NA,NA,NA,NA,NA,NA,NA,NA,298.241
"590",NA,3,1925,NA,NA,NA,NA,NA,NA,NA,NA,NA,NA,496.204
"591",NA,4,1925,NA,NA,NA,NA,NA,NA,NA,NA,NA,NA,851.928
"592",NA,5,1925,NA,NA,NA,NA,NA,NA,NA,NA,NA,NA,683.212
"593",NA,6,1925,NA,NA,NA,NA,NA,NA,NA,NA,NA,NA,497.879
"594",NA,7,1925,NA,NA,NA,NA,NA,NA,NA,NA,NA,NA,301.696
"595",NA,8,1925,NA,NA,NA,NA,NA,NA,NA,NA,NA,NA,180.131
"596",NA,9,1925,NA,NA,NA,NA,NA,NA,NA,NA,NA,NA,181.747
"597",NA,10,1925,NA,NA,NA,NA,NA,NA,NA,NA,NA,NA,204.742
"598",NA,11,1925,NA,NA,NA,NA,NA,NA,NA,NA,NA,NA,649.98
"599",NA,12,1925,NA,NA,NA,NA,NA,NA,NA,NA,NA,NA,575.949
"600",NA,1,1926,NA,NA,NA,NA,NA,NA,NA,NA,NA,NA,573.329
"601",NA,2,1926,NA,NA,NA,NA,NA,NA,NA,NA,NA,NA,1217.366
"602",NA,3,1926,NA,NA,NA,NA,NA,NA,NA,NA,NA,NA,576.067
"603",NA,4,1926,NA,NA,NA,NA,NA,NA,NA,NA,NA,NA,591.781
"604",NA,5,1926,NA,NA,NA,NA,NA,NA,NA,NA,NA,NA,894.9
"605",NA,6,1926,NA,NA,NA,NA,NA,NA,NA,NA,NA,NA,457.527
"606",NA,7,1926,NA,NA,NA,NA,NA,NA,NA,NA,NA,NA,265.84
"607",NA,8,1926,NA,NA,NA,NA,NA,NA,NA,NA,NA,NA,192.918
"608",NA,9,1926,NA,NA,NA,NA,NA,NA,NA,NA,NA,NA,244.425
"609",NA,10,1926,NA,NA,NA,NA,NA,NA,NA,NA,NA,NA,382.172
"610",NA,11,1926,NA,NA,NA,NA,NA,NA,NA,NA,NA,NA,1061.343
"611",NA,12,1926,NA,NA,NA,NA,NA,NA,NA,NA,NA,NA,817.897
"612",NA,1,1927,NA,NA,NA,NA,NA,NA,NA,NA,NA,NA,756.657
"613",NA,2,1927,NA,NA,NA,NA,NA,NA,NA,NA,NA,NA,594.77
"614",NA,3,1927,NA,NA,NA,NA,NA,NA,NA,NA,NA,NA,1078.101
"615",NA,4,1927,NA,NA,NA,NA,NA,NA,NA,NA,NA,NA,656.947
"616",NA,5,1927,NA,NA,NA,NA,NA,NA,NA,NA,NA,NA,711.692
"617",NA,6,1927,NA,NA,NA,NA,NA,NA,NA,NA,NA,NA,595.441
"618",NA,7,1927,NA,NA,NA,NA,NA,NA,NA,NA,NA,NA,265.206
"619",NA,8,1927,NA,NA,NA,NA,NA,NA,NA,NA,NA,NA,194.304
"620",NA,9,1927,NA,NA,NA,NA,NA,NA,NA,NA,NA,NA,304.602
"621",NA,10,1927,NA,NA,NA,NA,NA,NA,NA,NA,NA,NA,279.367
"622",NA,11,1927,NA,NA,NA,NA,NA,NA,NA,NA,NA,NA,566.901
"623",NA,12,1927,NA,NA,NA,NA,NA,NA,NA,NA,NA,NA,NA
"624",NA,1,1928,NA,NA,NA,NA,NA,NA,NA,NA,NA,NA,855.794
"625",NA,2,1928,NA,NA,NA,NA,NA,NA,NA,NA,NA,NA,802.745
"626",NA,3,1928,NA,NA,NA,NA,NA,NA,NA,NA,NA,NA,1016.276
"627",NA,4,1928,NA,NA,NA,NA,NA,NA,NA,NA,NA,NA,1239.438
"628",NA,5,1928,NA,NA,NA,NA,NA,NA,NA,NA,NA,NA,760.955
"629",NA,6,1928,NA,NA,NA,NA,NA,NA,NA,NA,NA,NA,649.224
"630",NA,7,1928,NA,NA,NA,NA,NA,NA,NA,NA,NA,NA,237.604
"631",NA,8,1928,NA,NA,NA,NA,NA,NA,NA,NA,NA,NA,169.146
"632",NA,9,1928,NA,NA,NA,NA,NA,NA,NA,NA,NA,NA,178.109
"633",NA,10,1928,NA,NA,NA,NA,NA,NA,NA,NA,NA,NA,207.063
"634",NA,11,1928,NA,NA,NA,NA,NA,NA,NA,NA,NA,NA,462.062
"635",NA,12,1928,NA,NA,NA,NA,NA,NA,NA,NA,NA,NA,450.583
"636",NA,1,1929,NA,NA,NA,NA,NA,NA,NA,NA,NA,NA,502.361
"637",NA,2,1929,NA,NA,NA,NA,NA,NA,NA,NA,NA,NA,575.057
"638",NA,3,1929,NA,NA,NA,NA,NA,NA,NA,NA,NA,NA,387.158
"639",NA,4,1929,NA,NA,NA,NA,NA,NA,NA,NA,NA,NA,106.82
"640",NA,5,1929,NA,NA,NA,NA,NA,NA,NA,NA,NA,NA,410.481
"641",NA,6,1929,NA,NA,NA,NA,NA,NA,NA,NA,NA,NA,660.53
"642",NA,7,1929,NA,NA,NA,NA,NA,NA,NA,NA,NA,NA,168.097
"643",NA,8,1929,NA,NA,NA,NA,NA,NA,NA,NA,NA,NA,46.297
"644",NA,9,1929,NA,NA,NA,NA,NA,NA,NA,NA,NA,NA,186.487
"645",NA,10,1929,NA,NA,NA,NA,NA,NA,NA,NA,NA,NA,255.494
"646",NA,11,1929,NA,NA,NA,NA,NA,NA,NA,NA,NA,NA,638.6
"647",NA,12,1929,NA,NA,NA,NA,NA,NA,NA,NA,NA,NA,568.471
"648",NA,1,1930,NA,NA,NA,NA,NA,NA,NA,NA,NA,NA,609.565
"649",NA,2,1930,NA,NA,NA,NA,NA,NA,NA,NA,NA,NA,802.179
"650",NA,3,1930,NA,NA,NA,NA,NA,NA,NA,NA,NA,NA,1350.823
"651",NA,4,1930,NA,NA,NA,NA,NA,NA,NA,NA,NA,NA,910.033
"652",NA,5,1930,NA,NA,NA,NA,NA,NA,NA,NA,NA,NA,1125.21
"653",NA,6,1930,NA,NA,NA,NA,NA,NA,NA,NA,NA,NA,1395.817
"654",NA,7,1930,NA,NA,NA,NA,NA,NA,NA,NA,NA,NA,474.29
"655",NA,8,1930,NA,NA,NA,NA,NA,NA,NA,NA,NA,NA,134.806
"656",NA,9,1930,NA,NA,NA,NA,NA,NA,NA,NA,NA,NA,77.25
"657",NA,10,1930,NA,NA,NA,NA,NA,NA,NA,NA,NA,NA,327.452
"658",NA,11,1930,NA,NA,NA,NA,NA,NA,NA,NA,NA,NA,339.567
"659",NA,12,1930,NA,NA,NA,NA,NA,NA,NA,NA,NA,NA,1320.613
"660",NA,1,1931,NA,NA,NA,NA,NA,NA,NA,NA,NA,NA,655.821
"661",NA,2,1931,NA,NA,NA,NA,NA,NA,NA,NA,NA,NA,1251.819
"662",NA,3,1931,NA,NA,NA,NA,NA,NA,NA,NA,NA,NA,1497.501
"663",NA,4,1931,NA,NA,NA,NA,NA,NA,NA,NA,NA,NA,711.467
"664",NA,5,1931,NA,NA,NA,NA,NA,NA,NA,NA,NA,NA,607.419
"665",NA,6,1931,NA,NA,NA,NA,NA,NA,NA,NA,NA,NA,337.22
"666",NA,7,1931,NA,NA,NA,NA,NA,NA,NA,NA,NA,NA,119.58
"667",NA,8,1931,NA,NA,NA,NA,NA,NA,NA,NA,NA,NA,62.626
"668",NA,9,1931,NA,NA,NA,NA,NA,NA,NA,NA,NA,NA,97.89
"669",NA,10,1931,NA,NA,NA,NA,NA,NA,NA,NA,NA,NA,211.362
"670",NA,11,1931,NA,NA,NA,NA,NA,NA,NA,NA,NA,NA,567.856
"671",NA,12,1931,NA,NA,NA,NA,NA,NA,NA,NA,NA,NA,454.915
"672",NA,1,1932,NA,NA,NA,NA,NA,NA,NA,NA,NA,NA,282.2
"673",NA,2,1932,NA,NA,NA,NA,NA,NA,NA,NA,NA,NA,218.1
"674",NA,3,1932,NA,NA,NA,NA,NA,NA,NA,NA,NA,NA,469.2
"675",NA,4,1932,NA,NA,NA,NA,NA,NA,NA,NA,NA,NA,395.1
"676",NA,5,1932,NA,NA,NA,NA,NA,NA,NA,NA,NA,NA,613.8
"677",NA,6,1932,NA,NA,NA,NA,NA,NA,NA,NA,NA,NA,726.8
"678",NA,7,1932,NA,NA,NA,NA,NA,NA,NA,NA,NA,NA,929.4
"679",NA,8,1932,NA,NA,NA,NA,NA,NA,NA,NA,NA,NA,234.4
"680",NA,9,1932,NA,NA,NA,NA,NA,NA,NA,NA,NA,NA,273.9
"681",NA,10,1932,NA,NA,NA,NA,NA,NA,NA,NA,NA,NA,349.4
"682",NA,11,1932,NA,NA,NA,NA,NA,NA,NA,NA,NA,NA,380.4
"683",NA,12,1932,NA,NA,NA,NA,NA,NA,NA,NA,NA,NA,1176.6
"684",NA,1,1933,NA,NA,NA,NA,NA,NA,NA,NA,NA,NA,491.8
"685",NA,2,1933,NA,NA,NA,NA,NA,NA,NA,NA,NA,NA,568.9
"686",NA,3,1933,NA,NA,NA,NA,NA,NA,NA,NA,NA,NA,966.5
"687",NA,4,1933,NA,NA,NA,NA,NA,NA,NA,NA,NA,NA,323.4
"688",NA,5,1933,NA,NA,NA,NA,NA,NA,NA,NA,NA,NA,356.7
"689",NA,6,1933,NA,NA,NA,NA,NA,NA,NA,NA,NA,NA,498.3
"690",NA,7,1933,NA,NA,NA,NA,NA,NA,NA,NA,NA,NA,150.8
"691",NA,8,1933,NA,NA,NA,NA,NA,NA,NA,NA,NA,NA,48.6
"692",NA,9,1933,NA,NA,NA,NA,NA,NA,NA,NA,NA,NA,150.8
"693",NA,10,1933,NA,NA,NA,NA,NA,NA,NA,NA,NA,NA,282.2
"694",NA,11,1933,NA,NA,NA,NA,NA,NA,NA,NA,NA,NA,528.7
"695",NA,12,1933,NA,NA,NA,NA,NA,NA,NA,NA,NA,NA,610.2
"696",NA,1,1934,NA,NA,NA,NA,NA,NA,NA,NA,NA,NA,678.7
"697",NA,2,1934,NA,NA,NA,NA,NA,NA,NA,NA,NA,NA,395.8
"698",NA,3,1934,NA,NA,NA,NA,NA,NA,NA,NA,NA,NA,724.3
"699",NA,4,1934,NA,NA,NA,NA,NA,NA,NA,NA,NA,NA,750.3
"700",NA,5,1934,NA,NA,NA,NA,NA,NA,NA,NA,NA,NA,779.4
"701",NA,6,1934,NA,NA,NA,NA,NA,NA,NA,NA,NA,NA,384.2
"702",NA,7,1934,NA,NA,NA,NA,NA,NA,NA,NA,NA,NA,84.4
"703",NA,8,1934,NA,NA,NA,NA,NA,NA,NA,NA,NA,NA,64.6
"704",NA,9,1934,NA,NA,NA,NA,NA,NA,NA,NA,NA,NA,77.8
"705",NA,10,1934,NA,NA,NA,NA,NA,NA,NA,NA,NA,NA,73.4
"706",NA,11,1934,NA,NA,NA,NA,NA,NA,NA,NA,NA,NA,424.1
"707",NA,12,1934,NA,NA,NA,NA,NA,NA,NA,NA,NA,NA,547.8
"708",NA,1,1935,NA,NA,NA,NA,NA,NA,NA,NA,NA,NA,623.4
"709",NA,2,1935,NA,NA,NA,NA,NA,NA,NA,NA,NA,NA,694.9
"710",NA,3,1935,NA,NA,NA,NA,NA,NA,NA,NA,NA,NA,950.8
"711",NA,4,1935,NA,NA,NA,NA,NA,NA,NA,NA,NA,NA,328.1
"712",NA,5,1935,NA,NA,NA,NA,NA,NA,NA,NA,NA,NA,763.8
"713",NA,6,1935,NA,NA,NA,NA,NA,NA,NA,NA,NA,NA,784.3
"714",NA,7,1935,NA,NA,NA,NA,NA,NA,NA,NA,NA,NA,244.7
"715",NA,8,1935,NA,NA,NA,NA,NA,NA,NA,NA,NA,NA,101.3
"716",NA,9,1935,NA,NA,NA,NA,NA,NA,NA,NA,NA,NA,130.9
"717",NA,10,1935,NA,NA,NA,NA,NA,NA,NA,NA,NA,NA,198.8
"718",NA,11,1935,NA,NA,NA,NA,NA,NA,NA,NA,NA,NA,336.9
"719",NA,12,1935,NA,NA,NA,NA,NA,NA,NA,NA,NA,NA,1092.3
"720",NA,1,1936,NA,NA,NA,NA,NA,NA,NA,NA,NA,NA,NA
"721",NA,2,1936,NA,NA,NA,NA,NA,NA,NA,NA,NA,NA,NA
"722",NA,3,1936,NA,NA,NA,NA,NA,NA,NA,NA,NA,NA,NA
"723",NA,4,1936,NA,NA,NA,NA,NA,NA,NA,NA,NA,NA,NA
"724",NA,5,1936,NA,NA,NA,NA,NA,NA,NA,NA,NA,NA,NA
"725",NA,6,1936,NA,NA,NA,NA,NA,NA,NA,NA,NA,NA,NA
"726",NA,7,1936,NA,NA,NA,NA,NA,NA,NA,NA,NA,NA,NA
"727",NA,8,1936,NA,NA,NA,NA,NA,NA,NA,NA,NA,NA,NA
"728",NA,9,1936,NA,NA,NA,NA,NA,NA,NA,NA,NA,NA,NA
"729",NA,10,1951,NA,NA,NA,NA,NA,NA,NA,NA,NA,NA,355.908
"730",NA,11,1951,NA,NA,NA,NA,NA,NA,NA,NA,NA,NA,544.899
"731",NA,12,1951,NA,NA,NA,NA,NA,NA,NA,NA,NA,NA,406.385
"732",NA,1,1952,NA,NA,NA,NA,NA,NA,NA,NA,NA,NA,738.047
"733",NA,2,1952,NA,NA,NA,NA,NA,NA,NA,NA,NA,NA,1073.369
"734",NA,3,1952,NA,NA,NA,NA,NA,NA,NA,NA,NA,NA,708.819
"735",NA,4,1952,NA,NA,NA,NA,NA,NA,NA,NA,NA,NA,1160.975
"736",NA,5,1952,NA,NA,NA,NA,NA,NA,NA,NA,NA,NA,726.036
"737",NA,6,1952,NA,NA,NA,NA,NA,NA,NA,NA,NA,NA,464.522
"738",NA,7,1952,NA,NA,NA,NA,NA,NA,NA,NA,NA,NA,295.43
"739",NA,8,1952,NA,NA,NA,NA,NA,NA,NA,NA,NA,NA,206.402
"740",NA,9,1952,NA,NA,NA,NA,NA,NA,NA,NA,NA,NA,199.792
"741",NA,10,1953,NA,NA,NA,NA,NA,NA,NA,NA,NA,NA,515.244
"742",NA,11,1953,NA,NA,NA,NA,NA,NA,NA,NA,NA,NA,271.808
"743",NA,12,1953,NA,NA,NA,NA,NA,NA,NA,NA,NA,NA,437.435
"744",NA,1,1954,NA,NA,NA,NA,NA,NA,NA,NA,NA,NA,677.449
"745",NA,2,1954,NA,NA,NA,NA,NA,NA,NA,NA,NA,NA,1273.058
"746",NA,3,1954,NA,NA,NA,NA,NA,NA,NA,NA,NA,NA,929.257
"747",NA,4,1954,NA,NA,NA,NA,NA,NA,NA,NA,NA,NA,424.772
"748",NA,5,1954,NA,NA,NA,NA,NA,NA,NA,NA,NA,NA,730.152
"749",NA,6,1954,NA,NA,NA,NA,NA,NA,NA,NA,NA,NA,523.809
"750",NA,7,1954,NA,NA,NA,NA,NA,NA,NA,NA,NA,NA,170.913
"751",NA,8,1954,NA,NA,NA,NA,NA,NA,NA,NA,NA,NA,85.605
"752",NA,9,1954,NA,NA,NA,NA,NA,NA,NA,NA,NA,NA,107.153
"753",NA,10,1954,NA,NA,NA,NA,NA,NA,NA,NA,NA,NA,46.211
"754",NA,11,1954,NA,NA,NA,NA,NA,NA,NA,NA,NA,NA,73.013
"755",NA,12,1954,NA,NA,NA,NA,NA,NA,NA,NA,NA,NA,342.31
"756",NA,1,1955,NA,NA,NA,NA,NA,NA,NA,NA,NA,NA,855.523
"757",NA,2,1955,NA,NA,NA,NA,NA,NA,NA,NA,NA,NA,914.307
"758",NA,3,1955,NA,NA,NA,NA,NA,NA,NA,NA,NA,NA,659.348
"759",NA,4,1955,NA,NA,NA,NA,NA,NA,NA,NA,NA,NA,115.973
"760",NA,5,1955,NA,NA,NA,NA,NA,NA,NA,NA,NA,NA,43.316
"761",NA,6,1955,NA,NA,NA,NA,NA,NA,NA,NA,NA,NA,173.1
"762",NA,7,1955,NA,NA,NA,NA,NA,NA,NA,NA,NA,NA,19.561
"763",NA,8,1955,NA,NA,NA,NA,NA,NA,NA,NA,NA,NA,23.19
"764",NA,9,1955,NA,NA,NA,NA,NA,NA,NA,NA,NA,NA,49.223
"765",NA,10,1955,NA,NA,NA,NA,NA,NA,NA,NA,NA,NA,151.781
"766",NA,11,1955,NA,NA,NA,NA,NA,NA,NA,NA,NA,NA,332.269
"767",NA,12,1955,NA,NA,NA,NA,NA,NA,NA,NA,NA,NA,421.961
"768",NA,1,1956,NA,NA,NA,NA,NA,NA,NA,NA,NA,NA,784.144
"769",NA,2,1956,NA,NA,NA,NA,NA,NA,NA,NA,NA,NA,549.839
"770",NA,3,1956,NA,NA,NA,NA,NA,NA,NA,NA,NA,NA,869.008
"771",NA,4,1956,NA,NA,NA,NA,NA,NA,NA,NA,NA,NA,886.111
"772",NA,5,1956,NA,NA,NA,NA,NA,NA,NA,NA,NA,NA,866.026
"773",NA,6,1956,NA,NA,NA,NA,NA,NA,NA,NA,NA,NA,665.941
"774",NA,7,1956,NA,NA,NA,NA,NA,NA,NA,NA,NA,NA,175.832
"775",NA,8,1956,NA,NA,NA,NA,NA,NA,NA,NA,NA,NA,131.37
"776",NA,9,1956,NA,NA,NA,NA,NA,NA,NA,NA,NA,NA,191.03
"777",NA,10,1956,NA,NA,NA,NA,NA,NA,NA,NA,NA,NA,153.916
"778",NA,11,1956,NA,NA,NA,NA,NA,NA,NA,NA,NA,NA,320.09
"779",NA,12,1956,NA,NA,NA,NA,NA,NA,NA,NA,NA,NA,257.965
"780",NA,1,1957,NA,NA,NA,NA,NA,NA,NA,NA,NA,NA,231.603
"781",NA,2,1957,NA,NA,NA,NA,NA,NA,NA,NA,NA,NA,384.754
"782",NA,3,1957,NA,NA,NA,NA,NA,NA,NA,NA,NA,NA,200.623
"783",NA,4,1957,NA,NA,NA,NA,NA,NA,NA,NA,NA,NA,113.97
"784",NA,5,1957,NA,NA,NA,NA,NA,NA,NA,NA,NA,NA,256.494
"785",NA,6,1957,NA,NA,NA,NA,NA,NA,NA,NA,NA,NA,901.752
"786",NA,7,1957,NA,NA,NA,NA,NA,NA,NA,NA,NA,NA,157.568
"787",NA,8,1957,NA,NA,NA,NA,NA,NA,NA,NA,NA,NA,73.732
"788",NA,9,1957,NA,NA,NA,NA,NA,NA,NA,NA,NA,NA,119.253
"789",NA,10,1957,NA,NA,NA,NA,NA,NA,NA,NA,NA,NA,180.703
"790",NA,11,1957,NA,NA,NA,NA,NA,NA,NA,NA,NA,NA,145.787
"791",NA,12,1957,NA,NA,NA,NA,NA,NA,NA,NA,NA,NA,161.232
"792",NA,1,1958,NA,NA,NA,NA,NA,NA,NA,NA,NA,NA,313.332
"793",NA,2,1958,NA,NA,NA,NA,NA,NA,NA,NA,NA,NA,468.186
"794",NA,3,1958,NA,NA,NA,NA,NA,NA,NA,NA,NA,NA,862.394
"795",NA,4,1958,NA,NA,NA,NA,NA,NA,NA,NA,NA,NA,695.577
"796",NA,5,1958,NA,NA,NA,NA,NA,NA,NA,NA,NA,NA,292.781
"797",NA,6,1958,NA,NA,NA,NA,NA,NA,NA,NA,NA,NA,122.317
"798",NA,7,1958,NA,NA,NA,NA,NA,NA,NA,NA,NA,NA,104.839
"799",NA,8,1958,NA,NA,NA,NA,NA,NA,NA,NA,NA,NA,31.119
"800",NA,9,1958,NA,NA,NA,NA,NA,NA,NA,NA,NA,NA,81.783
"801",NA,10,1958,NA,NA,NA,NA,NA,NA,NA,NA,NA,NA,89.974
"802",NA,11,1958,NA,NA,NA,NA,NA,NA,NA,NA,NA,NA,193.84
"803",NA,12,1958,NA,NA,NA,NA,NA,NA,NA,NA,NA,NA,703.461
"804",NA,1,1959,NA,NA,NA,NA,NA,NA,NA,NA,NA,NA,711.345
"805",NA,2,1959,NA,NA,NA,NA,NA,NA,NA,NA,NA,NA,438.361
"806",NA,3,1959,NA,NA,NA,NA,NA,NA,NA,NA,NA,NA,802.09
"807",NA,4,1959,NA,NA,NA,NA,NA,NA,NA,NA,NA,NA,556.44
"808",NA,5,1959,NA,NA,NA,NA,NA,NA,NA,NA,NA,NA,739.252
"809",NA,6,1959,NA,NA,NA,NA,NA,NA,NA,NA,NA,NA,467.17
"810",NA,7,1959,NA,NA,NA,NA,NA,NA,NA,NA,NA,NA,176.026
"811",NA,8,1959,NA,NA,NA,NA,NA,NA,NA,NA,NA,NA,74.61
"812",NA,9,1959,NA,NA,NA,NA,NA,NA,NA,NA,NA,NA,466.943
"813",NA,10,1959,NA,NA,NA,NA,NA,NA,NA,NA,NA,NA,655.784
"814",NA,11,1959,NA,NA,NA,NA,NA,NA,NA,NA,NA,NA,1086.443
"815",NA,12,1959,NA,NA,NA,NA,NA,NA,NA,NA,NA,NA,2171.174
"816",NA,1,1960,NA,NA,NA,NA,NA,NA,NA,NA,NA,NA,1271.852
"817",NA,2,1960,NA,NA,NA,NA,NA,NA,NA,NA,NA,NA,1595.421
"818",NA,3,1960,NA,NA,NA,NA,NA,NA,NA,NA,NA,NA,1406.965
"819",NA,4,1960,NA,NA,NA,NA,NA,NA,NA,NA,NA,NA,749.16
"820",NA,5,1960,NA,NA,NA,NA,NA,NA,NA,NA,NA,NA,612.152
"821",NA,6,1960,NA,NA,NA,NA,NA,NA,NA,NA,NA,NA,707.497
"822",NA,7,1960,NA,NA,NA,NA,NA,NA,NA,NA,NA,NA,350.623
"823",NA,8,1960,NA,NA,NA,NA,NA,NA,NA,NA,NA,NA,205.477
"824",NA,9,1960,NA,NA,NA,NA,NA,NA,NA,NA,NA,NA,161.163
"825",NA,10,1960,NA,NA,NA,NA,NA,NA,NA,NA,NA,NA,1253.968
"826",NA,11,1960,NA,NA,NA,NA,NA,NA,NA,NA,NA,NA,1216.433
"827",NA,12,1960,NA,NA,NA,NA,NA,NA,NA,NA,NA,NA,1126.419
"828",NA,1,1961,NA,NA,NA,NA,NA,NA,NA,NA,NA,NA,1983.226
"829",NA,2,1961,NA,NA,NA,NA,NA,NA,NA,NA,NA,NA,1129.214
"830",NA,3,1961,NA,NA,NA,NA,NA,NA,NA,NA,NA,NA,465.032
"831",NA,4,1961,NA,NA,NA,NA,NA,NA,NA,NA,NA,NA,311.733
"832",NA,5,1961,NA,NA,NA,NA,NA,NA,NA,NA,NA,NA,312
"833",NA,6,1961,NA,NA,NA,NA,NA,NA,NA,NA,NA,NA,450.3
"834",NA,7,1961,NA,NA,NA,NA,NA,NA,NA,NA,NA,NA,122.516
"835",NA,8,1961,NA,NA,NA,NA,NA,NA,NA,NA,NA,NA,92.903
"836",NA,9,1961,NA,NA,NA,NA,NA,NA,NA,NA,NA,NA,135.3
"837",NA,10,1961,NA,NA,NA,NA,NA,NA,NA,NA,NA,NA,424.194
"838",NA,11,1961,NA,NA,NA,NA,NA,NA,NA,NA,NA,NA,1086.267
"839",NA,12,1961,NA,NA,NA,NA,NA,NA,NA,NA,NA,NA,1068.548
"840",NA,1,1962,NA,NA,NA,NA,NA,NA,NA,NA,NA,NA,1124.839
"841",NA,2,1962,NA,NA,NA,NA,NA,NA,NA,NA,NA,NA,1055.893
"842",NA,3,1962,NA,NA,NA,NA,NA,NA,NA,NA,NA,NA,1342.903
"843",NA,4,1962,NA,NA,NA,NA,NA,NA,NA,NA,NA,NA,1050.267
"844",NA,5,1962,NA,NA,NA,NA,NA,NA,NA,NA,NA,NA,585.903
"845",NA,6,1962,NA,NA,NA,NA,NA,NA,NA,NA,NA,NA,425.333
"846",NA,7,1962,NA,NA,NA,NA,NA,NA,NA,NA,NA,NA,136.742
"847",NA,8,1962,NA,NA,NA,NA,NA,NA,NA,NA,NA,NA,30.935
"848",NA,9,1962,NA,NA,NA,NA,NA,NA,NA,NA,NA,NA,66.9
"849",NA,10,1962,NA,NA,NA,NA,NA,NA,NA,NA,NA,NA,250.29
"850",NA,11,1962,NA,NA,NA,NA,NA,NA,NA,NA,NA,NA,463
"851",NA,12,1962,NA,NA,NA,NA,NA,NA,NA,NA,NA,NA,635.839
"852",NA,1,1963,NA,NA,NA,NA,NA,NA,NA,NA,NA,NA,1026.645
"853",NA,2,1963,NA,NA,NA,NA,NA,NA,NA,NA,NA,NA,624.786
"854",NA,3,1963,NA,NA,NA,NA,NA,NA,NA,NA,NA,NA,767.581
"855",NA,4,1963,NA,NA,NA,NA,NA,NA,NA,NA,NA,NA,965.267
"856",NA,5,1963,NA,NA,NA,NA,NA,NA,NA,NA,NA,NA,379.742
"857",NA,6,1963,NA,NA,NA,NA,NA,NA,NA,NA,NA,NA,455.167
"858",NA,7,1963,NA,NA,NA,NA,NA,NA,NA,NA,NA,NA,284.645
"859",NA,8,1963,NA,NA,NA,NA,NA,NA,NA,NA,NA,NA,461.032
"860",NA,9,1963,NA,NA,NA,NA,NA,NA,NA,NA,NA,NA,413.133
"861",NA,10,1963,NA,NA,NA,NA,NA,NA,NA,NA,NA,NA,263.968
"862",NA,11,1963,NA,NA,NA,NA,NA,NA,NA,NA,NA,NA,709.167
"863",NA,12,1963,NA,NA,NA,NA,NA,NA,NA,NA,NA,NA,903.548
"864",NA,1,1964,NA,NA,NA,NA,NA,NA,NA,NA,NA,NA,349.323
"865",NA,2,1964,NA,NA,NA,NA,NA,NA,NA,NA,NA,NA,562.69
"866",NA,3,1964,NA,NA,NA,NA,NA,NA,NA,NA,NA,NA,840.742
"867",NA,4,1964,NA,NA,NA,NA,NA,NA,NA,NA,NA,NA,972.8
"868",NA,5,1964,NA,NA,NA,NA,NA,NA,NA,NA,NA,NA,475.774
"869",NA,6,1964,NA,NA,NA,NA,NA,NA,NA,NA,NA,NA,484
"870",NA,7,1964,NA,NA,NA,NA,NA,NA,NA,NA,NA,NA,96.613
"871",NA,8,1964,NA,NA,NA,NA,NA,NA,NA,NA,NA,NA,52.677
"872",NA,9,1964,NA,NA,NA,NA,NA,NA,NA,NA,NA,NA,88.667
"873",NA,10,1964,NA,NA,NA,NA,NA,NA,NA,NA,NA,NA,269.926
"874",NA,11,1964,NA,NA,NA,NA,NA,NA,NA,NA,NA,NA,283.443
"875",NA,12,1964,NA,NA,NA,NA,NA,NA,NA,NA,NA,NA,526.255
"876",NA,1,1965,NA,NA,NA,NA,NA,NA,NA,NA,NA,NA,659.474
"877",NA,2,1965,NA,NA,NA,NA,NA,NA,NA,NA,NA,NA,472.339
"878",NA,3,1965,NA,NA,NA,NA,NA,NA,NA,NA,NA,NA,885.794
"879",NA,4,1965,NA,NA,NA,NA,NA,NA,NA,NA,NA,NA,426.01
"880",NA,5,1965,NA,NA,NA,NA,NA,NA,NA,NA,NA,NA,207.816
"881",NA,6,1965,NA,NA,NA,NA,NA,NA,NA,NA,NA,NA,111.473
"882",NA,7,1965,NA,NA,NA,NA,NA,NA,NA,NA,NA,NA,102.435
"883",NA,8,1965,NA,NA,NA,NA,NA,NA,NA,NA,NA,NA,50.413
"884",NA,9,1965,NA,NA,NA,NA,NA,NA,NA,NA,NA,NA,107.2
"885",NA,10,1965,NA,NA,NA,NA,NA,NA,NA,NA,NA,NA,658.452
"886",NA,11,1965,NA,NA,NA,NA,NA,NA,NA,NA,NA,NA,825.633
"887",NA,12,1965,NA,NA,NA,NA,NA,NA,NA,NA,NA,NA,866.806
"888",NA,1,1966,NA,NA,NA,NA,NA,NA,NA,NA,NA,NA,804.29
"889",NA,2,1966,NA,NA,NA,NA,NA,NA,NA,NA,NA,NA,946.929
"890",NA,3,1966,NA,NA,NA,NA,NA,NA,NA,NA,NA,NA,938.258
"891",NA,4,1966,NA,NA,NA,NA,NA,NA,NA,NA,NA,NA,504.5
"892",NA,5,1966,NA,NA,NA,NA,NA,NA,NA,NA,NA,NA,627.065
"893",NA,6,1966,NA,NA,NA,NA,NA,NA,NA,NA,NA,NA,617.2
"894",NA,7,1966,NA,NA,NA,NA,NA,NA,NA,NA,NA,NA,174.806
"895",NA,8,1966,NA,NA,NA,NA,NA,NA,NA,NA,NA,NA,80.355
"896",NA,9,1966,NA,NA,NA,NA,NA,NA,NA,NA,NA,NA,140
"897",NA,10,1966,NA,NA,NA,NA,NA,NA,NA,NA,NA,NA,255.258
"898",NA,11,1966,NA,NA,NA,NA,NA,NA,NA,NA,NA,NA,1044.833
"899",NA,12,1966,NA,NA,NA,NA,NA,NA,NA,NA,NA,NA,890.129
"900",NA,1,1967,NA,NA,NA,NA,NA,NA,NA,NA,NA,NA,518.129
"901",NA,2,1967,NA,NA,NA,NA,NA,NA,NA,NA,NA,NA,472.071
"902",NA,3,1967,NA,NA,NA,NA,NA,NA,NA,NA,NA,NA,654.419
"903",NA,4,1967,NA,NA,NA,NA,NA,NA,NA,NA,NA,NA,658.467
"904",NA,5,1967,NA,NA,NA,NA,NA,NA,NA,NA,NA,NA,268.903
"905",NA,6,1967,NA,NA,NA,NA,NA,NA,NA,NA,NA,NA,213.933
"906",NA,7,1967,NA,NA,NA,NA,NA,NA,NA,NA,NA,NA,127.516
"907",NA,8,1967,NA,NA,NA,NA,NA,NA,NA,NA,NA,NA,93.258
"908",NA,9,1967,NA,NA,NA,NA,NA,NA,NA,NA,NA,NA,97.367
"909",NA,10,1967,NA,NA,NA,NA,NA,NA,NA,NA,NA,NA,138.129
"910",NA,11,1967,NA,NA,NA,NA,NA,NA,NA,NA,NA,NA,789.767
"911",NA,12,1967,NA,NA,NA,NA,NA,NA,NA,NA,NA,NA,848.774
"912",NA,1,1968,NA,NA,NA,NA,NA,NA,NA,NA,NA,NA,1085.161
"913",NA,2,1968,NA,NA,NA,NA,NA,NA,NA,NA,NA,NA,556.517
"914",NA,3,1968,NA,NA,NA,NA,NA,NA,NA,NA,NA,NA,561.065
"915",NA,4,1968,NA,NA,NA,NA,NA,NA,NA,NA,NA,NA,618.933
"916",NA,5,1968,NA,NA,NA,NA,NA,NA,NA,NA,NA,NA,369.645
"917",NA,6,1968,NA,NA,NA,NA,NA,NA,NA,NA,NA,NA,415.733
"918",NA,7,1968,NA,NA,NA,NA,NA,NA,NA,NA,NA,NA,156.484
"919",NA,8,1968,NA,NA,NA,NA,NA,NA,NA,NA,NA,NA,135.355
"920",NA,9,1968,NA,NA,NA,NA,NA,NA,NA,NA,NA,NA,251.667
"921",NA,10,1968,NA,NA,NA,NA,NA,NA,NA,NA,NA,NA,254.774
"922",NA,11,1968,NA,NA,NA,NA,NA,NA,NA,NA,NA,NA,285.433
"923",NA,12,1968,NA,NA,NA,NA,NA,NA,NA,NA,NA,NA,435.129
"924",NA,1,1969,NA,NA,NA,NA,NA,NA,NA,NA,NA,NA,472.968
"925",NA,2,1969,NA,NA,NA,NA,NA,NA,NA,NA,NA,NA,399.286
"926",NA,3,1969,NA,NA,NA,NA,NA,NA,NA,NA,NA,NA,1157.645
"927",NA,4,1969,NA,NA,NA,NA,NA,NA,NA,NA,NA,NA,1357.467
"928",NA,5,1969,NA,NA,NA,NA,NA,NA,NA,NA,NA,NA,1001.258
"929",NA,6,1969,NA,NA,NA,NA,NA,NA,NA,NA,NA,NA,565.5
"930",NA,7,1969,NA,NA,NA,NA,NA,NA,NA,NA,NA,NA,317.71
"931",NA,8,1969,NA,NA,NA,NA,NA,NA,NA,NA,NA,NA,174.645
"932",NA,9,1969,NA,NA,NA,NA,NA,NA,NA,NA,NA,NA,251.5
"933",NA,10,1969,NA,NA,NA,NA,NA,NA,NA,NA,NA,NA,323.097
"934",NA,11,1969,NA,NA,NA,NA,NA,NA,NA,NA,NA,NA,343.5
"935",NA,12,1969,NA,NA,NA,NA,NA,NA,NA,NA,NA,NA,547.29
"936",NA,1,1970,NA,NA,NA,NA,NA,NA,NA,NA,NA,NA,1244.935
"937",NA,2,1970,NA,NA,NA,NA,NA,NA,NA,NA,NA,NA,933.429
"938",NA,3,1970,NA,NA,NA,NA,NA,NA,NA,NA,NA,NA,754.71
"939",NA,4,1970,NA,NA,NA,NA,NA,NA,NA,NA,NA,NA,364.433
"940",NA,5,1970,NA,NA,NA,NA,NA,NA,NA,NA,NA,NA,289.548
"941",NA,6,1970,NA,NA,NA,NA,NA,NA,NA,NA,NA,NA,324
"942",NA,7,1970,NA,NA,NA,NA,NA,NA,NA,NA,NA,NA,170.323
"943",NA,8,1970,NA,NA,NA,NA,NA,NA,NA,NA,NA,NA,93.806
"944",NA,9,1970,NA,NA,NA,NA,NA,NA,NA,NA,NA,NA,129.133
"945",NA,10,1970,NA,NA,NA,NA,NA,NA,NA,NA,NA,NA,144.566
"946",NA,11,1970,NA,NA,NA,NA,NA,NA,NA,NA,NA,NA,174.732
"947",NA,12,1970,NA,NA,NA,NA,NA,NA,NA,NA,NA,NA,260.65
"948",NA,1,1971,NA,NA,NA,NA,NA,NA,NA,NA,NA,NA,312.602
"949",NA,2,1971,NA,NA,NA,NA,NA,NA,NA,NA,NA,NA,343.048
"950",NA,3,1971,NA,NA,NA,NA,NA,NA,NA,NA,NA,NA,332.913
"951",NA,4,1971,NA,NA,NA,NA,NA,NA,NA,NA,NA,NA,570.087
"952",NA,5,1971,NA,NA,NA,NA,NA,NA,NA,NA,NA,NA,1570.874
"953",NA,6,1971,NA,NA,NA,NA,NA,NA,NA,NA,NA,NA,973.172
"954",NA,7,1971,NA,NA,NA,NA,NA,NA,NA,NA,NA,NA,372.265
"955",NA,8,1971,NA,NA,NA,NA,NA,NA,NA,NA,NA,NA,160.153
"956",NA,9,1971,NA,NA,NA,NA,NA,NA,NA,NA,NA,NA,242.475
"957",NA,10,1971,NA,NA,NA,NA,NA,NA,NA,NA,NA,NA,285.016
"958",NA,11,1971,NA,NA,NA,NA,NA,NA,NA,NA,NA,NA,375.727
"959",NA,12,1971,NA,NA,NA,NA,NA,NA,NA,NA,NA,NA,542.392
"960",NA,1,1972,NA,NA,NA,NA,NA,NA,NA,NA,NA,NA,679.166
"961",NA,2,1972,NA,NA,NA,NA,NA,NA,NA,NA,NA,NA,1422.95
"962",NA,3,1972,NA,NA,NA,NA,NA,NA,NA,NA,NA,NA,1011.46
"963",NA,4,1972,NA,NA,NA,NA,NA,NA,NA,NA,NA,NA,733.983
"964",NA,5,1972,NA,NA,NA,NA,NA,NA,NA,NA,NA,NA,668.584
"965",NA,6,1972,NA,NA,NA,NA,NA,NA,NA,NA,NA,NA,691.603
"966",NA,7,1972,NA,NA,NA,NA,NA,NA,NA,NA,NA,NA,310.527
"967",NA,8,1972,NA,NA,NA,NA,NA,NA,NA,NA,NA,NA,220.234
"968",NA,9,1972,NA,NA,NA,NA,NA,NA,NA,NA,NA,NA,487.923
"969",NA,10,1972,NA,NA,NA,NA,NA,NA,NA,NA,NA,NA,513.408
"970",NA,11,1972,NA,NA,NA,NA,NA,NA,NA,NA,NA,NA,479.51
"971",NA,12,1972,NA,NA,NA,NA,NA,NA,NA,NA,NA,NA,423.302
"972",NA,1,1973,NA,NA,NA,NA,NA,NA,NA,NA,NA,NA,539.139
"973",NA,2,1973,NA,NA,NA,NA,NA,NA,NA,NA,NA,NA,704.513
"974",NA,3,1973,NA,NA,NA,NA,NA,NA,NA,NA,NA,NA,513.774
"975",NA,4,1973,NA,NA,NA,NA,NA,NA,NA,NA,NA,NA,312.573
"976",NA,5,1973,NA,NA,NA,NA,NA,NA,NA,NA,NA,NA,218.211
"977",NA,6,1973,NA,NA,NA,NA,NA,NA,NA,NA,NA,NA,567.937
"978",NA,7,1973,NA,NA,NA,NA,NA,NA,NA,NA,NA,NA,235.842
"979",NA,8,1973,NA,NA,NA,NA,NA,NA,NA,NA,NA,NA,220.185
"980",NA,9,1973,NA,NA,NA,NA,NA,NA,NA,NA,NA,NA,160.697
"981",NA,10,1973,NA,NA,NA,NA,NA,NA,NA,NA,NA,NA,202.247
"982",NA,11,1973,NA,NA,NA,NA,NA,NA,NA,NA,NA,NA,233.76
"983",NA,12,1973,NA,NA,NA,NA,NA,NA,NA,NA,NA,NA,233.215
"984",NA,1,1974,NA,NA,NA,NA,NA,NA,NA,NA,NA,NA,260.026
"985",NA,2,1974,NA,NA,NA,NA,NA,NA,NA,NA,NA,NA,332.982
"986",NA,3,1974,NA,NA,NA,NA,NA,NA,NA,NA,NA,NA,903.769
"987",NA,4,1974,NA,NA,NA,NA,NA,NA,NA,NA,NA,NA,922.07
"988",NA,5,1974,NA,NA,NA,NA,NA,NA,NA,NA,NA,NA,390.045
"989",NA,6,1974,NA,NA,NA,NA,NA,NA,NA,NA,NA,NA,307.68
"990",NA,7,1974,NA,NA,NA,NA,NA,NA,NA,NA,NA,NA,269.787
"991",NA,8,1974,NA,NA,NA,NA,NA,NA,NA,NA,NA,NA,162.005
"992",NA,9,1974,NA,NA,NA,NA,NA,NA,NA,NA,NA,NA,286.427
"993",NA,10,1974,NA,NA,NA,NA,NA,NA,NA,NA,NA,NA,391.7
"994",NA,11,1974,NA,NA,NA,NA,NA,NA,NA,NA,NA,NA,505.543
"995",NA,12,1974,NA,NA,NA,NA,NA,NA,NA,NA,NA,NA,411.594
"996",NA,1,1975,NA,NA,NA,NA,NA,NA,NA,NA,NA,NA,275.126
"997",NA,2,1975,NA,NA,NA,NA,NA,NA,NA,NA,NA,NA,559.966
"998",NA,3,1975,NA,NA,NA,NA,NA,NA,NA,NA,NA,NA,349.473
"999",NA,4,1975,NA,NA,NA,NA,NA,NA,NA,NA,NA,NA,782.983
"1000",NA,5,1975,NA,NA,NA,NA,NA,NA,NA,NA,NA,NA,475.666
"1001",NA,6,1975,NA,NA,NA,NA,NA,NA,NA,NA,NA,NA,790.83
"1002",NA,7,1975,NA,NA,NA,NA,NA,NA,NA,NA,NA,NA,346.813
"1003",NA,8,1975,NA,NA,NA,NA,NA,NA,NA,NA,NA,NA,134.747
"1004",NA,9,1975,NA,NA,NA,NA,NA,NA,NA,NA,NA,NA,222.463
"1005",NA,10,1975,NA,NA,NA,NA,NA,NA,NA,NA,NA,NA,225.123
"1006",NA,11,1975,NA,NA,NA,NA,NA,NA,NA,NA,NA,NA,344.002
"1007",NA,12,1975,NA,NA,NA,NA,NA,NA,NA,NA,NA,NA,435.445
"1008",NA,1,1976,NA,NA,NA,NA,NA,NA,NA,NA,NA,NA,304.732
"1009",NA,2,1976,NA,NA,NA,NA,NA,NA,NA,NA,NA,NA,419.928
"1010",NA,3,1976,NA,NA,NA,NA,NA,NA,NA,NA,NA,NA,351.202
"1011",NA,4,1976,NA,NA,NA,NA,NA,NA,NA,NA,NA,NA,333.527
"1012",NA,5,1976,NA,NA,NA,NA,NA,NA,NA,NA,NA,NA,204.315
"1013",NA,6,1976,NA,NA,NA,NA,NA,NA,NA,NA,NA,NA,189.282
"1014",NA,7,1976,NA,NA,NA,NA,NA,NA,NA,NA,NA,NA,176.592
"1015",NA,8,1976,NA,NA,NA,NA,NA,NA,NA,NA,NA,NA,101.373
"1016",NA,9,1976,NA,NA,NA,NA,NA,NA,NA,NA,NA,NA,130.518
"1017",NA,10,1976,NA,NA,NA,NA,NA,NA,NA,NA,NA,NA,146.174
"1018",NA,11,1976,NA,NA,NA,NA,NA,NA,NA,NA,NA,NA,428.808
"1019",NA,12,1976,NA,NA,NA,NA,NA,NA,NA,NA,NA,NA,361.116
"1020",NA,1,1977,NA,NA,NA,NA,NA,NA,NA,NA,NA,NA,731.047
"1021",NA,2,1977,NA,NA,NA,NA,NA,NA,NA,NA,NA,NA,784.536
"1022",NA,3,1977,NA,NA,NA,NA,NA,NA,NA,NA,NA,NA,464.573
"1023",NA,4,1977,NA,NA,NA,NA,NA,NA,NA,NA,NA,NA,246.347
"1024",NA,5,1977,NA,NA,NA,NA,NA,NA,NA,NA,NA,NA,692.689
"1025",NA,6,1977,NA,NA,NA,NA,NA,NA,NA,NA,NA,NA,1114.66
"1026",NA,7,1977,NA,NA,NA,NA,NA,NA,NA,NA,NA,NA,367.273
"1027",NA,8,1977,NA,NA,NA,NA,NA,NA,NA,NA,NA,NA,287.287
"1028",NA,9,1977,NA,NA,NA,NA,NA,NA,NA,NA,NA,NA,296.817
"1029",NA,10,1977,NA,NA,NA,NA,NA,NA,NA,NA,NA,NA,427.442
"1030",NA,11,1977,NA,NA,NA,NA,NA,NA,NA,NA,NA,NA,273.697
"1031",NA,12,1977,NA,NA,NA,NA,NA,NA,NA,NA,NA,NA,357.456
"1032",NA,1,1978,NA,NA,NA,NA,NA,NA,NA,NA,NA,NA,381.634
"1033",NA,2,1978,NA,NA,NA,NA,NA,NA,NA,NA,NA,NA,1646.679
"1034",NA,3,1978,NA,NA,NA,NA,NA,NA,NA,NA,NA,NA,1280.182
"1035",NA,4,1978,NA,NA,NA,NA,NA,NA,NA,NA,NA,NA,769.523
"1036",NA,5,1978,NA,NA,NA,NA,NA,NA,NA,NA,NA,NA,800.066
"1037",NA,6,1978,NA,NA,NA,NA,NA,NA,NA,NA,NA,NA,454.557
"1038",NA,7,1978,NA,NA,NA,NA,NA,NA,NA,NA,NA,NA,222.716
"1039",NA,8,1978,NA,NA,NA,NA,NA,NA,NA,NA,NA,NA,122.831
"1040",NA,9,1978,NA,NA,NA,NA,NA,NA,NA,NA,NA,NA,105.327
"1041",NA,10,1978,NA,NA,NA,NA,NA,NA,NA,NA,NA,NA,145.132
"1042",NA,11,1978,NA,NA,NA,NA,NA,NA,NA,NA,NA,NA,198.997
"1043",NA,12,1978,NA,NA,NA,NA,NA,NA,NA,NA,NA,NA,224.223
"1044",NA,1,1979,NA,NA,NA,NA,NA,NA,NA,NA,NA,NA,621.087
"1045",NA,2,1979,NA,NA,NA,NA,NA,NA,NA,NA,NA,NA,1800.839
"1046",NA,3,1979,NA,NA,NA,NA,NA,NA,NA,NA,NA,NA,685.522
"1047",NA,4,1979,NA,NA,NA,NA,NA,NA,NA,NA,NA,NA,872.965
"1048",NA,5,1979,NA,NA,NA,NA,NA,NA,NA,NA,NA,NA,560.161
"1049",NA,6,1979,NA,NA,NA,NA,NA,NA,NA,NA,NA,NA,911.238
"1050",NA,7,1979,NA,NA,NA,NA,NA,NA,NA,NA,NA,NA,196.961
"1051",NA,8,1979,NA,NA,NA,NA,NA,NA,NA,NA,NA,NA,107.397
"1052",NA,9,1979,NA,NA,NA,NA,NA,NA,NA,NA,NA,NA,207.69
"1053",NA,10,1979,NA,NA,NA,NA,NA,NA,NA,NA,NA,NA,426.579
"1054",NA,11,1979,NA,NA,NA,NA,NA,NA,NA,NA,NA,NA,472.04
"1055",NA,12,1979,NA,NA,NA,NA,NA,NA,NA,NA,NA,NA,374.239
"1056",NA,1,1980,NA,NA,NA,NA,NA,NA,NA,NA,NA,NA,481.595
"1057",NA,2,1980,NA,NA,NA,NA,NA,NA,NA,NA,NA,NA,265.847
"1058",NA,3,1980,NA,NA,NA,NA,NA,NA,NA,NA,NA,NA,299.303
"1059",NA,4,1980,NA,NA,NA,NA,NA,NA,NA,NA,NA,NA,279.175
"1060",NA,5,1980,NA,NA,NA,NA,NA,NA,NA,NA,NA,NA,413.466
"1061",NA,6,1980,NA,NA,NA,NA,NA,NA,NA,NA,NA,NA,352.26
"1062",NA,7,1980,NA,NA,NA,NA,NA,NA,NA,NA,NA,NA,179.897
"1063",NA,8,1980,NA,NA,NA,NA,NA,NA,NA,NA,NA,NA,89.174
"1064",NA,9,1980,NA,NA,NA,NA,NA,NA,NA,NA,NA,NA,182.353
"1065",NA,2,1985,NA,NA,NA,NA,NA,NA,NA,NA,NA,NA,612.714
"1066",NA,7,1998,NA,NA,NA,NA,NA,NA,NA,NA,NA,NA,154.79
"1067",NA,8,1998,NA,NA,NA,NA,NA,NA,NA,NA,NA,NA,134.79
"1068",NA,12,1998,NA,NA,NA,NA,NA,NA,NA,NA,NA,NA,249.523
"1069",NA,1,2005,NA,NA,NA,NA,NA,NA,NA,NA,NA,NA,290.299
"1070",NA,2,2005,NA,NA,NA,NA,NA,NA,NA,NA,NA,NA,376.141
"1071",NA,3,2005,NA,NA,NA,NA,NA,NA,NA,NA,NA,NA,418.305
"1072",NA,4,2005,NA,NA,NA,NA,NA,NA,NA,NA,NA,NA,334.689
"1073",NA,5,2005,NA,NA,NA,NA,NA,NA,NA,NA,NA,NA,154.879
"1074",NA,6,2005,NA,NA,NA,NA,NA,NA,NA,NA,NA,NA,120.967
"1075",NA,7,2005,NA,NA,NA,NA,NA,NA,NA,NA,NA,NA,118.871
"1076",NA,8,2005,NA,NA,NA,NA,NA,NA,NA,NA,NA,NA,108.273
"1077",NA,9,2005,NA,NA,NA,NA,NA,NA,NA,NA,NA,NA,105.953
"1078",NA,10,2005,NA,NA,NA,NA,NA,NA,NA,NA,NA,NA,104.905
"1079",NA,11,2005,NA,NA,NA,NA,NA,NA,NA,NA,NA,NA,118.588
"1080",NA,12,2005,NA,NA,NA,NA,NA,NA,NA,NA,NA,NA,217.968
"1081",NA,1,2006,NA,NA,NA,NA,NA,NA,NA,NA,NA,NA,390.032
"1082",NA,2,2006,NA,NA,NA,NA,NA,NA,NA,NA,NA,NA,213.564
"1083",NA,3,2006,NA,NA,NA,NA,NA,NA,NA,NA,NA,NA,475.181
"1084",NA,4,2006,NA,NA,NA,NA,NA,NA,NA,NA,NA,NA,210.56
"1085",NA,5,2006,NA,NA,NA,NA,NA,NA,NA,NA,NA,NA,120.041
"1086",NA,6,2006,NA,NA,NA,NA,NA,NA,NA,NA,NA,NA,94.26
"1087",NA,7,2006,NA,NA,NA,NA,NA,NA,NA,NA,NA,NA,115.435
"1088",NA,8,2006,NA,NA,NA,NA,NA,NA,NA,NA,NA,NA,108.284
"1089",NA,9,2006,NA,NA,NA,NA,NA,NA,NA,NA,NA,NA,113.602
"1090",NA,10,2006,NA,NA,NA,NA,NA,NA,NA,NA,NA,NA,96.987
"1091",NA,11,2006,NA,NA,NA,NA,NA,NA,NA,NA,NA,NA,106.243
"1092",NA,12,2006,NA,NA,NA,NA,NA,NA,NA,NA,NA,NA,123.735
"1093",NA,1,2007,NA,NA,NA,NA,NA,NA,NA,NA,NA,NA,105.74
"1094",NA,2,2007,NA,NA,NA,NA,NA,NA,NA,NA,NA,NA,269.635
"1095",NA,3,2007,NA,NA,NA,NA,NA,NA,NA,NA,NA,NA,508.99
"1096",NA,4,2007,NA,NA,NA,NA,NA,NA,NA,NA,NA,NA,934.667
"1097",NA,5,2007,NA,NA,NA,NA,NA,NA,NA,NA,NA,NA,366.718
"1098",NA,6,2007,NA,NA,NA,NA,NA,NA,NA,NA,NA,NA,131.088
"1099",NA,7,2007,NA,NA,NA,NA,NA,NA,NA,NA,NA,NA,120.652
"1100",NA,8,2007,NA,NA,NA,NA,NA,NA,NA,NA,NA,NA,123.463
"1101",NA,9,2007,NA,NA,NA,NA,NA,NA,NA,NA,NA,NA,127.627
"1102",NA,10,2007,NA,NA,NA,NA,NA,NA,NA,NA,NA,NA,127.07
"1103",NA,11,2007,NA,NA,NA,NA,NA,NA,NA,NA,NA,NA,128.538
"1104",NA,12,2007,NA,NA,NA,NA,NA,NA,NA,NA,NA,NA,118.212
"1105",NA,1,2008,NA,NA,NA,NA,NA,NA,NA,NA,NA,NA,120.059
"1106",NA,2,2008,NA,NA,NA,NA,NA,NA,NA,NA,NA,NA,118.778
"1107",NA,3,2008,NA,NA,NA,NA,NA,NA,NA,NA,NA,NA,118.459
"1108",NA,4,2008,NA,NA,NA,NA,NA,NA,NA,NA,NA,NA,261.382
"1109",NA,5,2008,NA,NA,NA,NA,NA,NA,NA,NA,NA,NA,599.052
"1110",NA,6,2008,NA,NA,NA,NA,NA,NA,NA,NA,NA,NA,725.28
"1111",NA,7,2008,NA,NA,NA,NA,NA,NA,NA,NA,NA,NA,108.707
"1112",NA,8,2008,NA,NA,NA,NA,NA,NA,NA,NA,NA,NA,115.185
"1113",NA,9,2008,NA,NA,NA,NA,NA,NA,NA,NA,NA,NA,162.721
"1114",NA,10,2008,NA,NA,NA,NA,NA,NA,NA,NA,NA,NA,146.824
"1115",NA,11,2008,NA,NA,NA,NA,NA,NA,NA,NA,NA,NA,271.253
"1116",NA,12,2008,NA,NA,NA,NA,NA,NA,NA,NA,NA,NA,551.76
"1117",NA,1,2009,NA,NA,NA,NA,NA,NA,NA,NA,NA,NA,325.057
"1118",NA,2,2009,NA,NA,NA,NA,NA,NA,NA,NA,NA,NA,927.337
"1119",NA,3,2009,NA,NA,NA,NA,NA,NA,NA,NA,NA,NA,456.08
"1120",NA,4,2009,NA,NA,NA,NA,NA,NA,NA,NA,NA,NA,383.649
"1121",NA,5,2009,NA,NA,NA,NA,NA,NA,NA,NA,NA,NA,345.797
"1122",NA,6,2009,NA,NA,NA,NA,NA,NA,NA,NA,NA,NA,150.373
"1123",NA,7,2009,NA,NA,NA,NA,NA,NA,NA,NA,NA,NA,137.729
"1124",NA,8,2009,NA,NA,NA,NA,NA,NA,NA,NA,NA,NA,133.406
"1125",NA,9,2009,NA,NA,NA,NA,NA,NA,NA,NA,NA,NA,123.093
"1126",NA,10,2009,NA,NA,NA,NA,NA,NA,NA,NA,NA,NA,125.961
"1127",NA,11,2009,NA,NA,NA,NA,NA,NA,NA,NA,NA,NA,162.333
"1128",NA,12,2009,NA,NA,NA,NA,NA,NA,NA,NA,NA,NA,156.017
"1129",NA,1,2010,NA,NA,NA,NA,NA,NA,NA,NA,NA,NA,596.199
"1130",NA,2,2010,NA,NA,NA,NA,NA,NA,NA,NA,NA,NA,593.026
"1131",NA,3,2010,NA,NA,NA,NA,NA,NA,NA,NA,NA,NA,480.819
"1132",NA,4,2010,NA,NA,NA,NA,NA,NA,NA,NA,NA,NA,299.928
"1133",NA,5,2010,NA,NA,NA,NA,NA,NA,NA,NA,NA,NA,390.433
"1134",NA,6,2010,NA,NA,NA,NA,NA,NA,NA,NA,NA,NA,370.276
"1135",NA,7,2010,NA,NA,NA,NA,NA,NA,NA,NA,NA,NA,186.965
"1136",NA,8,2010,NA,NA,NA,NA,NA,NA,NA,NA,NA,NA,153.35
"1137",NA,9,2010,NA,NA,NA,NA,NA,NA,NA,NA,NA,NA,135.228
"1138",NA,10,2010,NA,NA,NA,NA,NA,NA,NA,NA,NA,NA,135.779
"1139",NA,11,2010,NA,NA,NA,NA,NA,NA,NA,NA,NA,NA,171.599
"1140",NA,12,2010,NA,NA,NA,NA,NA,NA,NA,NA,NA,NA,247.635
"1141",NA,1,2011,NA,NA,NA,NA,NA,NA,NA,NA,NA,NA,265.808
"1142",NA,2,2011,NA,NA,NA,NA,NA,NA,NA,NA,NA,NA,170.452
"1143",NA,3,2011,NA,NA,NA,NA,NA,NA,NA,NA,NA,NA,470.57
"1144",NA,4,2011,NA,NA,NA,NA,NA,NA,NA,NA,NA,NA,254.986
"1145",NA,5,2011,NA,NA,NA,NA,NA,NA,NA,NA,NA,NA,134.333
"1146",NA,6,2011,NA,NA,NA,NA,NA,NA,NA,NA,NA,NA,129.164
"1147",NA,7,2011,NA,NA,NA,NA,NA,NA,NA,NA,NA,NA,125.066
"1148",NA,8,2011,NA,NA,NA,NA,NA,NA,NA,NA,NA,NA,117.419
"1149",NA,9,2011,NA,NA,NA,NA,NA,NA,NA,NA,NA,NA,115.203
"1150",NA,10,2011,NA,NA,NA,NA,NA,NA,NA,NA,NA,NA,114.226
"1151",NA,11,2011,NA,NA,NA,NA,NA,NA,NA,NA,NA,NA,113.167
"1152",NA,12,2011,NA,NA,NA,NA,NA,NA,NA,NA,NA,NA,112.516
"1153",NA,1,2012,NA,NA,NA,NA,NA,NA,NA,NA,NA,NA,111.871
"1154",NA,2,2012,NA,NA,NA,NA,NA,NA,NA,NA,NA,NA,109.172
"1155",NA,3,2012,NA,NA,NA,NA,NA,NA,NA,NA,NA,NA,110.355
"1156",NA,4,2012,NA,NA,NA,NA,NA,NA,NA,NA,NA,NA,123.833
"1157",NA,5,2012,NA,NA,NA,NA,NA,NA,NA,NA,NA,NA,169.677
"1158",NA,6,2012,NA,NA,NA,NA,NA,NA,NA,NA,NA,NA,158.6
"1159",NA,7,2012,NA,NA,NA,NA,NA,NA,NA,NA,NA,NA,127.839
"1160",NA,8,2012,NA,NA,NA,NA,NA,NA,NA,NA,NA,NA,118.839
"1161",NA,9,2012,NA,NA,NA,NA,NA,NA,NA,NA,NA,NA,111.167
"1162",NA,10,2012,NA,NA,NA,NA,NA,NA,NA,NA,NA,NA,107.839
"1163",NA,11,2012,NA,NA,NA,NA,NA,NA,NA,NA,NA,NA,107.733
"1164",NA,12,2012,NA,NA,NA,NA,NA,NA,NA,NA,NA,NA,215.129
"1165",NA,1,2013,NA,NA,NA,NA,NA,NA,NA,NA,NA,NA,687.065
"1166",NA,2,2013,NA,NA,NA,NA,NA,NA,NA,NA,NA,NA,1191.714
"1167",NA,3,2013,NA,NA,NA,NA,NA,NA,NA,NA,NA,NA,897.548
"1168",NA,4,2013,NA,NA,NA,NA,NA,NA,NA,NA,NA,NA,813.233
"1169",NA,5,2013,NA,NA,NA,NA,NA,NA,NA,NA,NA,NA,641.645
"1170",NA,6,2013,NA,NA,NA,NA,NA,NA,NA,NA,NA,NA,828.2
"1171",NA,7,2013,NA,NA,NA,NA,NA,NA,NA,NA,NA,NA,223.516
"1172",NA,8,2013,NA,NA,NA,NA,NA,NA,NA,NA,NA,NA,116.032
"1173",NA,9,2013,NA,NA,NA,NA,NA,NA,NA,NA,NA,NA,153.733
"1174",NA,10,2013,NA,NA,NA,NA,NA,NA,NA,NA,NA,NA,158.677
"1175",NA,11,2013,NA,NA,NA,NA,NA,NA,NA,NA,NA,NA,240.6
"1176",NA,12,2013,NA,NA,NA,NA,NA,NA,NA,NA,NA,NA,255.968
"1177",NA,1,2014,NA,NA,NA,NA,NA,NA,NA,NA,NA,NA,407.839
"1178",NA,2,2014,NA,NA,NA,NA,NA,NA,NA,NA,NA,NA,744.179
"1179",NA,3,2014,NA,NA,NA,NA,NA,NA,NA,NA,NA,NA,705.032
"1180",NA,4,2014,NA,NA,NA,NA,NA,NA,NA,NA,NA,NA,543.333
"1181",NA,5,2014,NA,NA,NA,NA,NA,NA,NA,NA,NA,NA,223.516
"1182",NA,6,2014,NA,NA,NA,NA,NA,NA,NA,NA,NA,NA,130.267
"1183",NA,7,2014,NA,NA,NA,NA,NA,NA,NA,NA,NA,NA,248.129
"1184",NA,8,2014,NA,NA,NA,NA,NA,NA,NA,NA,NA,NA,139.839
"1185",NA,9,2014,NA,NA,NA,NA,NA,NA,NA,NA,NA,NA,142.267
"1186",NA,10,2014,NA,NA,NA,NA,NA,NA,NA,NA,NA,NA,220.355
"1187",NA,11,2014,NA,NA,NA,NA,NA,NA,NA,NA,NA,NA,228.467
"1188",NA,12,2014,NA,NA,NA,NA,NA,NA,NA,NA,NA,NA,527.806
"1189",NA,1,2015,NA,NA,NA,NA,NA,NA,NA,NA,NA,NA,331.839
"1190",NA,2,2015,NA,NA,NA,NA,NA,NA,NA,NA,NA,NA,949.036
"1191",NA,3,2015,NA,NA,NA,NA,NA,NA,NA,NA,NA,NA,1169.387
"1192",NA,4,2015,NA,NA,NA,NA,NA,NA,NA,NA,NA,NA,496.933
"1193",NA,5,2015,NA,NA,NA,NA,NA,NA,NA,NA,NA,NA,136.71
"1194",NA,6,2015,NA,NA,NA,NA,NA,NA,NA,NA,NA,NA,159.8
"1195",NA,7,2015,NA,NA,NA,NA,NA,NA,NA,NA,NA,NA,129.387
"1196",NA,8,2015,NA,NA,NA,NA,NA,NA,NA,NA,NA,NA,98.71
"1197",NA,9,2015,NA,NA,NA,NA,NA,NA,NA,NA,NA,NA,102.933
"1198",NA,10,2015,NA,NA,NA,NA,NA,NA,NA,NA,NA,NA,115.161
"1199",NA,11,2015,NA,NA,NA,NA,NA,NA,NA,NA,NA,NA,184.3
"1200",NA,12,2015,NA,NA,NA,NA,NA,NA,NA,NA,NA,NA,172.065
"1201",NA,1,2016,NA,NA,NA,NA,NA,NA,NA,NA,NA,NA,199.968
"1202",NA,2,2016,NA,NA,NA,NA,NA,NA,NA,NA,NA,NA,416.241
"1203",NA,3,2016,NA,NA,NA,NA,NA,NA,NA,NA,NA,NA,863.516
"1204",NA,4,2016,NA,NA,NA,NA,NA,NA,NA,NA,NA,NA,599.467
"1205",NA,5,2016,NA,NA,NA,NA,NA,NA,NA,NA,NA,NA,344.613
"1206",NA,6,2016,NA,NA,NA,NA,NA,NA,NA,NA,NA,NA,99.833
"1207",NA,7,2016,NA,NA,NA,NA,NA,NA,NA,NA,NA,NA,99.419
"1208",NA,8,2016,NA,NA,NA,NA,NA,NA,NA,NA,NA,NA,94.129
"1209",NA,9,2016,NA,NA,NA,NA,NA,NA,NA,NA,NA,NA,93.5
"1210",NA,10,2016,NA,NA,NA,NA,NA,NA,NA,NA,NA,NA,109.032
"1211",NA,11,2016,NA,NA,NA,NA,NA,NA,NA,NA,NA,NA,126.767
"1212",NA,12,2016,NA,NA,NA,NA,NA,NA,NA,NA,NA,NA,151.097
"1213",NA,1,2017,NA,NA,NA,NA,NA,NA,NA,NA,NA,NA,230.677
"1214",NA,2,2017,NA,NA,NA,NA,NA,NA,NA,NA,NA,NA,293.214
"1215",NA,3,2017,NA,NA,NA,NA,NA,NA,NA,NA,NA,NA,327.935
"1216",NA,4,2017,NA,NA,NA,NA,NA,NA,NA,NA,NA,NA,151.5
"1217",NA,5,2017,NA,NA,NA,NA,NA,NA,NA,NA,NA,NA,128.677
"1218",NA,6,2017,NA,NA,NA,NA,NA,NA,NA,NA,NA,NA,95.7
"1219",NA,7,2017,NA,NA,NA,NA,NA,NA,NA,NA,NA,NA,117.258
"1220",NA,8,2017,NA,NA,NA,NA,NA,NA,NA,NA,NA,NA,130.065
"1221",NA,9,2017,NA,NA,NA,NA,NA,NA,NA,NA,NA,NA,103.367
"1222",NA,10,2017,NA,NA,NA,NA,NA,NA,NA,NA,NA,NA,87.968
"1223",NA,11,2017,NA,NA,NA,NA,NA,NA,NA,NA,NA,NA,95.367
"1224",NA,12,2017,NA,NA,NA,NA,NA,NA,NA,NA,NA,NA,93.194
"1225",NA,1,2018,NA,NA,NA,NA,NA,NA,NA,NA,NA,NA,298.452
"1226",NA,2,2018,NA,NA,NA,NA,NA,NA,NA,NA,NA,NA,504
"1227",NA,3,2018,NA,NA,NA,NA,NA,NA,NA,NA,NA,NA,667.645
"1228",NA,4,2018,NA,NA,NA,NA,NA,NA,NA,NA,NA,NA,1210.7
"1229",NA,5,2018,NA,NA,NA,NA,NA,NA,NA,NA,NA,NA,548.742
"1230",NA,6,2018,NA,NA,NA,NA,NA,NA,NA,NA,NA,NA,755.333
"1231",NA,7,2018,NA,NA,NA,NA,NA,NA,NA,NA,NA,NA,165.806
"1232",NA,8,2018,NA,NA,NA,NA,NA,NA,NA,NA,NA,NA,140.065
"1233",NA,9,2018,NA,NA,NA,NA,NA,NA,NA,NA,NA,NA,147.3
